Date,Home Team,Away Team,Competition
31/08/2024,Arsenal FC,Brighton & Hove Albion,Premier League
31/08/2024,Athletic Bilbao,Atletico Madrid,La Liga
31/08/2024,Barcelona,Valladolid,La Liga
31/08/2024,Bayer Leverkusen,RB Leipzig,Bundesliga
31/08/2024,Bologna,Empoli,Serie A
31/08/2024,Brentford,Southampton,Premier League
31/08/2024,Brest,Saint-Etienne,Ligue 1
31/08/2024,Eintracht Frankfurt,TSG Hoffenheim,Bundesliga
31/08/2024,Espanyol,Rayo Vallecano,La Liga
31/08/2024,Everton,Bournemouth,Premier League
31/08/2024,Holstein Kiel,VfL Wolfsburg,Bundesliga
31/08/2024,Ipswich Town,Fulham,Premier League
31/08/2024,Lazio,AC Milan,Serie A
31/08/2024,Lecce,Cagliari,Serie A
31/08/2024,Leganes,Mallorca,La Liga
31/08/2024,Leicester City,Aston Villa,Premier League
31/08/2024,Montpellier,Nantes,Ligue 1
31/08/2024,Napoli,Parma,Serie A
31/08/2024,Nottingham Forest,Wolverhampton Wanderers,Premier League
31/08/2024,Toulouse,Marseille,Ligue 1
31/08/2024,Valencia,Villarreal,La Liga
31/08/2024,VfB Stuttgart,Mainz 05,Bundesliga
31/08/2024,VfL Bochum,Borussia Monchengladbach,Bundesliga
31/08/2024,Werder Bremen,Borussia Dortmund,Bundesliga
31/08/2024,West Ham United,Manchester City,Premier League
30/11/2024,1. FC Heidenheim,Eintracht Frankfurt,Bundesliga
30/11/2024,Borussia Dortmund,Bayern Munich,Bundesliga
30/11/2024,Brentford,Leicester City,Premier League
30/11/2024,Brest,Strasbourg,Ligue 1
30/11/2024,Brighton & Hove Albion,Southampton,Premier League
30/11/2024,Chelsea,Aston Villa,Premier League
30/11/2024,Crystal Palace,Newcastle United,Premier League
30/11/2024,FC Augsburg,VfL Bochum,Bundesliga
30/11/2024,FC St. Pauli,Holstein Kiel,Bundesliga
30/11/2024,Le Havre,Angers,Ligue 1
30/11/2024,Liverpool,Manchester City,Premier League
30/11/2024,Lyon,Nice,Ligue 1
30/11/2024,Mainz 05,TSG Hoffenheim,Bundesliga
30/11/2024,Manchester United,Everton,Premier League
30/11/2024,Marseille,AS Monaco,Ligue 1
30/11/2024,Montpellier,Lille,Ligue 1
30/11/2024,Nottingham Forest,Ipswich Town,Premier League
30/11/2024,Paris Saint-Germain,Nantes,Ligue 1
30/11/2024,RB Leipzig,VfL Wolfsburg,Bundesliga
30/11/2024,Reims,Lens,Ligue 1
30/11/2024,Rennes,Saint-Etienne,Ligue 1
30/11/2024,SC Freiburg,Borussia Monchengladbach,Bundesliga
30/11/2024,Tottenham Hotspur,Fulham,Premier League
30/11/2024,Toulouse,Auxerre,Ligue 1
30/11/2024,Union Berlin,Bayer Leverkusen,Bundesliga
30/11/2024,Werder Bremen,VfB Stuttgart,Bundesliga
30/11/2024,West Ham United,Arsenal FC,Premier League
30/11/2024,Wolverhampton Wanderers,Bournemouth,Premier League
30/10/2024,AC Milan,Napoli,Serie A
30/10/2024,Atalanta,Monza,Serie A
30/10/2024,Cagliari,Bologna,Serie A
30/10/2024,Como,Lazio,Serie A
30/10/2024,Empoli,Inter Milan,Serie A
30/10/2024,Genoa,Fiorentina,Serie A
30/10/2024,Juventus,Parma,Serie A
30/10/2024,Lecce,Hellas Verona,Serie A
30/10/2024,Roma,Torino,Serie A
30/10/2024,Venezia,Udinese,Serie A
30/09/2024,Bournemouth,Southampton,Premier League
30/08/2024,Inter Milan,Atalanta,Serie A
30/08/2024,Lyon,Strasbourg,Ligue 1
30/08/2024,Union Berlin,FC St. Pauli,Bundesliga
30/08/2024,Venezia,Torino,Serie A
30/03/2025,Alaves,Rayo Vallecano,La Liga
30/03/2025,Athletic Bilbao,Osasuna,La Liga
30/03/2025,Barcelona,Girona,La Liga
30/03/2025,Cagliari,Monza,Serie A
30/03/2025,Celta Vigo,Las Palmas,La Liga
30/03/2025,Como,Empoli,Serie A
30/03/2025,Espanyol,Atletico Madrid,La Liga
30/03/2025,Fiorentina,Atalanta,Serie A
30/03/2025,Getafe,Villarreal,La Liga
30/03/2025,Hellas Verona,Parma,Serie A
30/03/2025,Inter Milan,Udinese,Serie A
30/03/2025,Juventus,Genoa,Serie A
30/03/2025,Lazio,Torino,Serie A
30/03/2025,Lecce,Roma,Serie A
30/03/2025,Napoli,AC Milan,Serie A
30/03/2025,Real Betis,Sevilla,La Liga
30/03/2025,Real Madrid,Leganes,La Liga
30/03/2025,Real Sociedad,Valladolid,La Liga
30/03/2025,Valencia,Mallorca,La Liga
30/03/2025,Venezia,Bologna,Serie A
30/01/2025,Ajax,Galatasaray,UEFA Europa League
30/01/2025,Anderlecht,TSG Hoffenheim,UEFA Europa League
30/01/2025,Athletic Bilbao,Viktoria Plzen,UEFA Europa League
30/01/2025,Braga,Lazio,UEFA Europa League
30/01/2025,Dynamo Kyiv,RFS,UEFA Europa League
30/01/2025,FCSB,Manchester United,UEFA Europa League
30/01/2025,Ferencvaros,AZ Alkmaar,UEFA Europa League
30/01/2025,Lyon,Ludogorets Razgrad,UEFA Europa League
30/01/2025,Maccabi Tel Aviv,Porto,UEFA Europa League
30/01/2025,Midtjylland,Fenerbahce,UEFA Europa League
30/01/2025,Nice,Bodo/Glimt,UEFA Europa League
30/01/2025,Olympiacos,Qarabag,UEFA Europa League
30/01/2025,Rangers,Union Saint-Gilloise,UEFA Europa League
30/01/2025,Real Sociedad,PAOK,UEFA Europa League
30/01/2025,Roma,Eintracht Frankfurt,UEFA Europa League
30/01/2025,Slavia Prague,Malmo FF,UEFA Europa League
30/01/2025,Tottenham Hotspur,IF Elfsborg,UEFA Europa League
30/01/2025,Twente,Besiktas,UEFA Europa League
29/12/2024,AC Milan,Roma,Serie A
29/12/2024,Aston Villa,Brighton & Hove Albion,Premier League
29/12/2024,Bologna,Hellas Verona,Serie A
29/12/2024,Brentford,Arsenal FC,Premier League
29/12/2024,Cagliari,Inter Milan,Serie A
29/12/2024,Como,Lecce,Serie A
29/12/2024,Crystal Palace,Southampton,Premier League
29/12/2024,Empoli,Genoa,Serie A
29/12/2024,Everton,Nottingham Forest,Premier League
29/12/2024,Fulham,Bournemouth,Premier League
29/12/2024,Ipswich Town,Chelsea,Premier League
29/12/2024,Juventus,Fiorentina,Serie A
29/12/2024,Lazio,Atalanta,Serie A
29/12/2024,Leicester City,Manchester City,Premier League
29/12/2024,Manchester United,Newcastle United,Premier League
29/12/2024,Napoli,Venezia,Serie A
29/12/2024,Parma,Monza,Serie A
29/12/2024,Tottenham Hotspur,Wolverhampton Wanderers,Premier League
29/12/2024,Udinese,Torino,Serie A
29/12/2024,West Ham United,Liverpool,Premier League
29/09/2024,AC Milan,Lecce,Serie A
29/09/2024,Athletic Bilbao,Sevilla,La Liga
29/09/2024,Atletico Madrid,Real Madrid,La Liga
29/09/2024,Bologna,Atalanta,Serie A
29/09/2024,Celta Vigo,Girona,La Liga
29/09/2024,Como,Hellas Verona,Serie A
29/09/2024,Empoli,Fiorentina,Serie A
29/09/2024,Genoa,Juventus,Serie A
29/09/2024,Getafe,Alaves,La Liga
29/09/2024,Holstein Kiel,Eintracht Frankfurt,Bundesliga
29/09/2024,Ipswich Town,Aston Villa,Premier League
29/09/2024,Manchester United,Tottenham Hotspur,Premier League
29/09/2024,Napoli,Monza,Serie A
29/09/2024,Osasuna,Barcelona,La Liga
29/09/2024,Parma,Cagliari,Serie A
29/09/2024,Rayo Vallecano,Leganes,La Liga
29/09/2024,Real Betis,Espanyol,La Liga
29/09/2024,Real Sociedad,Valencia,La Liga
29/09/2024,Roma,Venezia,Serie A
29/09/2024,Torino,Lazio,Serie A
29/09/2024,TSG Hoffenheim,Werder Bremen,Bundesliga
29/09/2024,Udinese,Inter Milan,Serie A
29/09/2024,Valladolid,Mallorca,La Liga
29/09/2024,Villarreal,Las Palmas,La Liga
29/08/2024,Girona,Osasuna,La Liga
29/08/2024,Las Palmas,Real Madrid,La Liga
29/03/2025,Angers,Rennes,Ligue 1
29/03/2025,AS Monaco,Nice,Ligue 1
29/03/2025,Auxerre,Montpellier,Ligue 1
29/03/2025,Bayer Leverkusen,VfL Bochum,Bundesliga
29/03/2025,Bayern Munich,FC St. Pauli,Bundesliga
29/03/2025,Borussia Dortmund,Mainz 05,Bundesliga
29/03/2025,Borussia Monchengladbach,RB Leipzig,Bundesliga
29/03/2025,Eintracht Frankfurt,VfB Stuttgart,Bundesliga
29/03/2025,Holstein Kiel,Werder Bremen,Bundesliga
29/03/2025,Le Havre,Nantes,Ligue 1
29/03/2025,Lille,Lens,Ligue 1
29/03/2025,Reims,Marseille,Ligue 1
29/03/2025,Saint-Etienne,Paris Saint-Germain,Ligue 1
29/03/2025,SC Freiburg,Union Berlin,Bundesliga
29/03/2025,Strasbourg,Lyon,Ligue 1
29/03/2025,Toulouse,Brest,Ligue 1
29/03/2025,TSG Hoffenheim,FC Augsburg,Bundesliga
29/03/2025,VfL Wolfsburg,1. FC Heidenheim,Bundesliga
29/01/2025,Aston Villa,Celtic,UEFA Champions League
29/01/2025,Barcelona,Atalanta,UEFA Champions League
29/01/2025,Bayer Leverkusen,Sparta Prague,UEFA Champions League
29/01/2025,Bayern Munich,Slovan Bratislava,UEFA Champions League
29/01/2025,Borussia Dortmund,Shakhtar Donetsk,UEFA Champions League
29/01/2025,Brest,Real Madrid,UEFA Champions League
29/01/2025,Dinamo Zagreb,AC Milan,UEFA Champions League
29/01/2025,Girona,Arsenal FC,UEFA Champions League
29/01/2025,Inter Milan,AS Monaco,UEFA Champions League
29/01/2025,Juventus,Benfica,UEFA Champions League
29/01/2025,Lille,Feyenoord,UEFA Champions League
29/01/2025,Manchester City,Club Brugge,UEFA Champions League
29/01/2025,PSV Eindhoven,Liverpool,UEFA Champions League
29/01/2025,Red Bull Salzburg,Atletico Madrid,UEFA Champions League
29/01/2025,Sporting CP,Bologna,UEFA Champions League
29/01/2025,Sturm Graz,RB Leipzig,UEFA Champions League
29/01/2025,VfB Stuttgart,Paris Saint-Germain,UEFA Champions League
29/01/2025,Young Boys,Red Star Belgrade,UEFA Champions League
28/11/2024,1. FC Heidenheim,Chelsea,UEFA Conference League
28/11/2024,Anderlecht,Porto,UEFA Europa League
28/11/2024,Astana,Vitoria de Guimaraes,UEFA Conference League
28/11/2024,Athletic Bilbao,IF Elfsborg,UEFA Europa League
28/11/2024,AZ Alkmaar,Galatasaray,UEFA Europa League
28/11/2024,Besiktas,Maccabi Tel Aviv,UEFA Europa League
28/11/2024,Borac Banja Luka,LASK,UEFA Conference League
28/11/2024,Braga,TSG Hoffenheim,UEFA Europa League
28/11/2024,Celje,Jagiellonia Biaystok,UEFA Conference League
28/11/2024,Cercle Brugge,Hearts,UEFA Conference League
28/11/2024,Dinamo Minsk,Copenhagen,UEFA Conference League
28/11/2024,Dynamo Kyiv,Viktoria Plzen,UEFA Europa League
28/11/2024,FCSB,Olympiacos,UEFA Europa League
28/11/2024,Ferencvaros,Malmo FF,UEFA Europa League
28/11/2024,Fiorentina,Pafos,UEFA Conference League
28/11/2024,Lazio,Ludogorets Razgrad,UEFA Europa League
28/11/2024,Lugano,Gent,UEFA Conference League
28/11/2024,Manchester United,Bodo/Glimt,UEFA Europa League
28/11/2024,Midtjylland,Eintracht Frankfurt,UEFA Europa League
28/11/2024,Mlada Boleslav,Real Betis,UEFA Conference League
28/11/2024,Molde,APOEL,UEFA Conference League
28/11/2024,Nice,Rangers,UEFA Europa League
28/11/2024,Noah,Vikingur Reykjavik,UEFA Conference League
28/11/2024,Olimpija Ljubljana,Larne,UEFA Conference League
28/11/2024,Omonia,Legia Warsaw,UEFA Conference League
28/11/2024,Panathinaikos,HJK Helsinki,UEFA Conference League
28/11/2024,Qarabag,Lyon,UEFA Europa League
28/11/2024,Rapid Wien,Shamrock Rovers,UEFA Conference League
28/11/2024,Real Sociedad,Ajax,UEFA Europa League
28/11/2024,RFS,PAOK,UEFA Europa League
28/11/2024,Slavia Prague,Fenerbahce,UEFA Europa League
28/11/2024,St. Gallen,FK TSC Backa Topola,UEFA Conference League
28/11/2024,The New Saints,Djurgardens IF,UEFA Conference League
28/11/2024,Tottenham Hotspur,Roma,UEFA Europa League
28/11/2024,Twente,Union Saint-Gilloise,UEFA Europa League
28/09/2024,Angers,Reims,Ligue 1
28/09/2024,Arsenal FC,Leicester City,Premier League
28/09/2024,AS Monaco,Montpellier,Ligue 1
28/09/2024,Auxerre,Brest,Ligue 1
28/09/2024,Bayern Munich,Bayer Leverkusen,Bundesliga
28/09/2024,Borussia Monchengladbach,Union Berlin,Bundesliga
28/09/2024,Brentford,West Ham United,Premier League
28/09/2024,Chelsea,Brighton & Hove Albion,Premier League
28/09/2024,Everton,Crystal Palace,Premier League
28/09/2024,Le Havre,Lille,Ligue 1
28/09/2024,Lens,Nice,Ligue 1
28/09/2024,Mainz 05,1. FC Heidenheim,Bundesliga
28/09/2024,Nantes,Saint-Etienne,Ligue 1
28/09/2024,Newcastle United,Manchester City,Premier League
28/09/2024,Nottingham Forest,Fulham,Premier League
28/09/2024,Paris Saint-Germain,Rennes,Ligue 1
28/09/2024,RB Leipzig,FC Augsburg,Bundesliga
28/09/2024,SC Freiburg,FC St. Pauli,Bundesliga
28/09/2024,Strasbourg,Marseille,Ligue 1
28/09/2024,Toulouse,Lyon,Ligue 1
28/09/2024,VfL Wolfsburg,VfB Stuttgart,Bundesliga
28/09/2024,Wolverhampton Wanderers,Liverpool,Premier League
28/08/2024,Athletic Bilbao,Valencia,La Liga
28/08/2024,Atletico Madrid,Espanyol,La Liga
28/08/2024,Real Sociedad,Alaves,La Liga
28/08/2024,Valladolid,Leganes,La Liga
27/11/2024,AS Monaco,Benfica,UEFA Champions League
27/11/2024,Aston Villa,Juventus,UEFA Champions League
27/11/2024,Bologna,Lille,UEFA Champions League
27/11/2024,Celtic,Club Brugge,UEFA Champions League
27/11/2024,Dinamo Zagreb,Borussia Dortmund,UEFA Champions League
27/11/2024,Istanbul Basaksehir,Petrocub Hincesti,UEFA Conference League
27/11/2024,Liverpool,Real Madrid,UEFA Champions League
27/11/2024,PSV Eindhoven,Shakhtar Donetsk,UEFA Champions League
27/11/2024,Red Star Belgrade,VfB Stuttgart,UEFA Champions League
27/11/2024,Sturm Graz,Girona,UEFA Champions League
27/10/2024,Arsenal FC,Liverpool,Premier League
27/10/2024,Atalanta,Hellas Verona,Serie A
27/10/2024,Bologna,AC Milan,Serie A
27/10/2024,Chelsea,Newcastle United,Premier League
27/10/2024,Crystal Palace,Tottenham Hotspur,Premier League
27/10/2024,Espanyol,Sevilla,La Liga
27/10/2024,Fiorentina,Roma,Serie A
27/10/2024,Getafe,Valencia,La Liga
27/10/2024,Inter Milan,Juventus,Serie A
27/10/2024,Las Palmas,Girona,La Liga
27/10/2024,Lazio,Genoa,Serie A
27/10/2024,Leganes,Celta Vigo,La Liga
27/10/2024,Mallorca,Athletic Bilbao,La Liga
27/10/2024,Monza,Venezia,Serie A
27/10/2024,Napoli,Lecce,Serie A
27/10/2024,Parma,Empoli,Serie A
27/10/2024,Rayo Vallecano,Alaves,La Liga
27/10/2024,Real Betis,Atletico Madrid,La Liga
27/10/2024,Real Madrid,Barcelona,La Liga
27/10/2024,Real Sociedad,Osasuna,La Liga
27/10/2024,Torino,Como,Serie A
27/10/2024,Udinese,Cagliari,Serie A
27/10/2024,Valladolid,Villarreal,La Liga
27/10/2024,West Ham United,Manchester United,Premier League
27/09/2024,Borussia Dortmund,VfL Bochum,Bundesliga
27/08/2024,Mallorca,Sevilla,La Liga
27/08/2024,Rayo Vallecano,Barcelona,La Liga
27/04/2025,Atalanta,Lecce,Serie A
27/04/2025,Como,Genoa,Serie A
27/04/2025,Fiorentina,Empoli,Serie A
27/04/2025,Hellas Verona,Cagliari,Serie A
27/04/2025,Inter Milan,Roma,Serie A
27/04/2025,Juventus,Monza,Serie A
27/04/2025,Lazio,Parma,Serie A
27/04/2025,Napoli,Torino,Serie A
27/04/2025,Udinese,Bologna,Serie A
27/04/2025,Venezia,AC Milan,Serie A
26/12/2024,Arsenal FC,Ipswich Town,Premier League
26/12/2024,Bournemouth,Crystal Palace,Premier League
26/12/2024,Brighton & Hove Albion,Brentford,Premier League
26/12/2024,Chelsea,Fulham,Premier League
26/12/2024,Liverpool,Leicester City,Premier League
26/12/2024,Manchester City,Everton,Premier League
26/12/2024,Newcastle United,Aston Villa,Premier League
26/12/2024,Nottingham Forest,Tottenham Hotspur,Premier League
26/12/2024,Southampton,West Ham United,Premier League
26/12/2024,Wolverhampton Wanderers,Manchester United,Premier League
26/11/2024,Barcelona,Brest,UEFA Champions League
26/11/2024,Bayer Leverkusen,Red Bull Salzburg,UEFA Champions League
26/11/2024,Bayern Munich,Paris Saint-Germain,UEFA Champions League
26/11/2024,Inter Milan,RB Leipzig,UEFA Champions League
26/11/2024,Manchester City,Feyenoord,UEFA Champions League
26/11/2024,Slovan Bratislava,AC Milan,UEFA Champions League
26/11/2024,Sparta Prague,Atletico Madrid,UEFA Champions League
26/11/2024,Sporting CP,Arsenal FC,UEFA Champions League
26/11/2024,Young Boys,Atalanta,UEFA Champions League
26/10/2024,1. FC Heidenheim,TSG Hoffenheim,Bundesliga
26/10/2024,Angers,Saint-Etienne,Ligue 1
26/10/2024,Aston Villa,Bournemouth,Premier League
26/10/2024,Brentford,Ipswich Town,Premier League
26/10/2024,Brighton & Hove Albion,Wolverhampton Wanderers,Premier League
26/10/2024,Everton,Fulham,Premier League
26/10/2024,FC Augsburg,Borussia Dortmund,Bundesliga
26/10/2024,FC St. Pauli,VfL Wolfsburg,Bundesliga
26/10/2024,Lens,Lille,Ligue 1
26/10/2024,Lyon,Auxerre,Ligue 1
26/10/2024,Mainz 05,Borussia Monchengladbach,Bundesliga
26/10/2024,Manchester City,Southampton,Premier League
26/10/2024,Marseille,Paris Saint-Germain,Ligue 1
26/10/2024,Montpellier,Toulouse,Ligue 1
26/10/2024,Nice,AS Monaco,Ligue 1
26/10/2024,RB Leipzig,SC Freiburg,Bundesliga
26/10/2024,Reims,Brest,Ligue 1
26/10/2024,Rennes,Le Havre,Ligue 1
26/10/2024,Strasbourg,Nantes,Ligue 1
26/10/2024,Union Berlin,Eintracht Frankfurt,Bundesliga
26/10/2024,VfB Stuttgart,Holstein Kiel,Bundesliga
26/10/2024,VfL Bochum,Bayern Munich,Bundesliga
26/10/2024,Werder Bremen,Bayer Leverkusen,Bundesliga
26/09/2024,Ajax,Besiktas,UEFA Europa League
26/09/2024,Braga,Maccabi Tel Aviv,UEFA Europa League
26/09/2024,Eintracht Frankfurt,Viktoria Plzen,UEFA Europa League
26/09/2024,FCSB,RFS,UEFA Europa League
26/09/2024,Fenerbahce,Union Saint-Gilloise,UEFA Europa League
26/09/2024,Lyon,Olympiacos,UEFA Europa League
26/09/2024,Malmo FF,Rangers,UEFA Europa League
26/09/2024,Roma,Athletic Bilbao,UEFA Europa League
26/09/2024,Tottenham Hotspur,Qarabag,UEFA Europa League
26/08/2024,Cagliari,Como,Serie A
26/08/2024,Hellas Verona,Juventus,Serie A
26/08/2024,Villarreal,Celta Vigo,La Liga
26/04/2025,Angers,Lille,Ligue 1
26/04/2025,Arsenal FC,Crystal Palace,Premier League
26/04/2025,Bayer Leverkusen,FC Augsburg,Bundesliga
26/04/2025,Bayern Munich,Mainz 05,Bundesliga
26/04/2025,Bournemouth,Manchester United,Premier League
26/04/2025,Brighton & Hove Albion,West Ham United,Premier League
26/04/2025,Chelsea,Everton,Premier League
26/04/2025,Eintracht Frankfurt,RB Leipzig,Bundesliga
26/04/2025,Holstein Kiel,Borussia Monchengladbach,Bundesliga
26/04/2025,Le Havre,AS Monaco,Ligue 1
26/04/2025,Lens,Auxerre,Ligue 1
26/04/2025,Liverpool,Tottenham Hotspur,Premier League
26/04/2025,Lyon,Rennes,Ligue 1
26/04/2025,Manchester City,Aston Villa,Premier League
26/04/2025,Marseille,Brest,Ligue 1
26/04/2025,Montpellier,Reims,Ligue 1
26/04/2025,Nantes,Toulouse,Ligue 1
26/04/2025,Newcastle United,Ipswich Town,Premier League
26/04/2025,Nottingham Forest,Brentford,Premier League
26/04/2025,Paris Saint-Germain,Nice,Ligue 1
26/04/2025,Southampton,Fulham,Premier League
26/04/2025,Strasbourg,Saint-Etienne,Ligue 1
26/04/2025,TSG Hoffenheim,Borussia Dortmund,Bundesliga
26/04/2025,VfB Stuttgart,1. FC Heidenheim,Bundesliga
26/04/2025,VfL Bochum,Union Berlin,Bundesliga
26/04/2025,VfL Wolfsburg,SC Freiburg,Bundesliga
26/04/2025,Werder Bremen,FC St. Pauli,Bundesliga
26/04/2025,Wolverhampton Wanderers,Leicester City,Premier League
26/02/2025,Chelsea,Southampton,Premier League
26/02/2025,Liverpool,Newcastle United,Premier League
26/02/2025,Manchester United,Ipswich Town,Premier League
26/01/2025,AC Milan,Parma,Serie A
26/01/2025,Alaves,Celta Vigo,La Liga
26/01/2025,Athletic Bilbao,Leganes,La Liga
26/01/2025,Atletico Madrid,Villarreal,La Liga
26/01/2025,Barcelona,Valencia,La Liga
26/01/2025,Como,Atalanta,Serie A
26/01/2025,Empoli,Bologna,Serie A
26/01/2025,Genoa,Monza,Serie A
26/01/2025,Las Palmas,Osasuna,La Liga
26/01/2025,Lazio,Fiorentina,Serie A
26/01/2025,Lecce,Inter Milan,Serie A
26/01/2025,Mallorca,Real Betis,La Liga
26/01/2025,Napoli,Juventus,Serie A
26/01/2025,Rayo Vallecano,Girona,La Liga
26/01/2025,Real Sociedad,Getafe,La Liga
26/01/2025,Sevilla,Espanyol,La Liga
26/01/2025,Torino,Cagliari,Serie A
26/01/2025,Udinese,Roma,Serie A
26/01/2025,Valladolid,Real Madrid,La Liga
26/01/2025,Venezia,Hellas Verona,Serie A
25/10/2024,Leicester City,Nottingham Forest,Premier League
25/09/2024,Anderlecht,Ferencvaros,UEFA Europa League
25/09/2024,AZ Alkmaar,IF Elfsborg,UEFA Europa League
25/09/2024,Barcelona,Getafe,La Liga
25/09/2024,Bodo/Glimt,Porto,UEFA Europa League
25/09/2024,Celta Vigo,Atletico Madrid,La Liga
25/09/2024,Dynamo Kyiv,Lazio,UEFA Europa League
25/09/2024,Espanyol,Villarreal,La Liga
25/09/2024,Galatasaray,PAOK,UEFA Europa League
25/09/2024,Girona,Rayo Vallecano,La Liga
25/09/2024,Las Palmas,Real Betis,La Liga
25/09/2024,Ludogorets Razgrad,Slavia Prague,UEFA Europa League
25/09/2024,Manchester United,Twente,UEFA Europa League
25/09/2024,Midtjylland,TSG Hoffenheim,UEFA Europa League
25/09/2024,Nice,Real Sociedad,UEFA Europa League
25/09/2024,Real Madrid,Alaves,La Liga
25/09/2024,Sevilla,Valladolid,La Liga
25/09/2024,Valencia,Osasuna,La Liga
25/08/2024,Alaves,Real Betis,La Liga
25/08/2024,Atletico Madrid,Girona,La Liga
25/08/2024,Bournemouth,Newcastle United,Premier League
25/08/2024,FC St. Pauli,1. FC Heidenheim,Bundesliga
25/08/2024,Fiorentina,Venezia,Serie A
25/08/2024,Leganes,Las Palmas,La Liga
25/08/2024,Lens,Brest,Ligue 1
25/08/2024,Liverpool,Brentford,Premier League
25/08/2024,Marseille,Reims,Ligue 1
25/08/2024,Nantes,Auxerre,Ligue 1
25/08/2024,Napoli,Bologna,Serie A
25/08/2024,Nice,Toulouse,Ligue 1
25/08/2024,Real Madrid,Valladolid,La Liga
25/08/2024,Roma,Empoli,Serie A
25/08/2024,Strasbourg,Rennes,Ligue 1
25/08/2024,Torino,Atalanta,Serie A
25/08/2024,VfL Wolfsburg,Bayern Munich,Bundesliga
25/08/2024,Wolverhampton Wanderers,Chelsea,Premier League
25/05/2025,AC Milan,Monza,Serie A
25/05/2025,Alaves,Osasuna,La Liga
25/05/2025,Atalanta,Parma,Serie A
25/05/2025,Athletic Bilbao,Barcelona,La Liga
25/05/2025,Bologna,Genoa,Serie A
25/05/2025,Bournemouth,Leicester City,Premier League
25/05/2025,Como,Inter Milan,Serie A
25/05/2025,Empoli,Hellas Verona,Serie A
25/05/2025,Espanyol,Las Palmas,La Liga
25/05/2025,Fulham,Manchester City,Premier League
25/05/2025,Getafe,Celta Vigo,La Liga
25/05/2025,Girona,Atletico Madrid,La Liga
25/05/2025,Ipswich Town,West Ham United,Premier League
25/05/2025,Lazio,Lecce,Serie A
25/05/2025,Leganes,Valladolid,La Liga
25/05/2025,Liverpool,Crystal Palace,Premier League
25/05/2025,Manchester United,Aston Villa,Premier League
25/05/2025,Napoli,Cagliari,Serie A
25/05/2025,Newcastle United,Everton,Premier League
25/05/2025,Nottingham Forest,Chelsea,Premier League
25/05/2025,Rayo Vallecano,Mallorca,La Liga
25/05/2025,Real Betis,Valencia,La Liga
25/05/2025,Real Madrid,Real Sociedad,La Liga
25/05/2025,Southampton,Arsenal FC,Premier League
25/05/2025,Torino,Roma,Serie A
25/05/2025,Tottenham Hotspur,Brighton & Hove Albion,Premier League
25/05/2025,Udinese,Fiorentina,Serie A
25/05/2025,Venezia,Juventus,Serie A
25/05/2025,Villarreal,Sevilla,La Liga
25/05/2025,Wolverhampton Wanderers,Brentford,Premier League
25/02/2025,Brentford,Everton,Premier League
25/02/2025,Brighton & Hove Albion,Bournemouth,Premier League
25/02/2025,Crystal Palace,Aston Villa,Premier League
25/02/2025,Nottingham Forest,Arsenal FC,Premier League
25/02/2025,Tottenham Hotspur,Manchester City,Premier League
25/02/2025,West Ham United,Leicester City,Premier League
25/02/2025,Wolverhampton Wanderers,Fulham,Premier League
25/01/2025,AS Monaco,Rennes,Ligue 1
25/01/2025,Aston Villa,West Ham United,Premier League
25/01/2025,Auxerre,Saint-Etienne,Ligue 1
25/01/2025,Borussia Dortmund,Werder Bremen,Bundesliga
25/01/2025,Borussia Monchengladbach,VfL Bochum,Bundesliga
25/01/2025,Bournemouth,Nottingham Forest,Premier League
25/01/2025,Brighton & Hove Albion,Everton,Premier League
25/01/2025,Crystal Palace,Brentford,Premier League
25/01/2025,FC Augsburg,1. FC Heidenheim,Bundesliga
25/01/2025,FC St. Pauli,Union Berlin,Bundesliga
25/01/2025,Fulham,Manchester United,Premier League
25/01/2025,Le Havre,Brest,Ligue 1
25/01/2025,Lens,Angers,Ligue 1
25/01/2025,Liverpool,Ipswich Town,Premier League
25/01/2025,Mainz 05,VfB Stuttgart,Bundesliga
25/01/2025,Manchester City,Chelsea,Premier League
25/01/2025,Nantes,Lyon,Ligue 1
25/01/2025,Nice,Marseille,Ligue 1
25/01/2025,Paris Saint-Germain,Reims,Ligue 1
25/01/2025,RB Leipzig,Bayer Leverkusen,Bundesliga
25/01/2025,SC Freiburg,Bayern Munich,Bundesliga
25/01/2025,Southampton,Newcastle United,Premier League
25/01/2025,Strasbourg,Lille,Ligue 1
25/01/2025,Tottenham Hotspur,Leicester City,Premier League
25/01/2025,Toulouse,Montpellier,Ligue 1
25/01/2025,TSG Hoffenheim,Eintracht Frankfurt,Bundesliga
25/01/2025,VfL Wolfsburg,Holstein Kiel,Bundesliga
25/01/2025,Wolverhampton Wanderers,Arsenal FC,Premier League
24/11/2024,AC Milan,Juventus,Serie A
24/11/2024,Athletic Bilbao,Real Sociedad,La Liga
24/11/2024,Atletico Madrid,Alaves,La Liga
24/11/2024,Celta Vigo,Barcelona,La Liga
24/11/2024,Como,Fiorentina,Serie A
24/11/2024,Empoli,Udinese,Serie A
24/11/2024,Genoa,Cagliari,Serie A
24/11/2024,Getafe,Valladolid,La Liga
24/11/2024,Girona,Espanyol,La Liga
24/11/2024,Hellas Verona,Inter Milan,Serie A
24/11/2024,Las Palmas,Mallorca,La Liga
24/11/2024,Lazio,Bologna,Serie A
24/11/2024,Leganes,Real Madrid,La Liga
24/11/2024,Napoli,Roma,Serie A
24/11/2024,Osasuna,Villarreal,La Liga
24/11/2024,Parma,Atalanta,Serie A
24/11/2024,Sevilla,Rayo Vallecano,La Liga
24/11/2024,Torino,Monza,Serie A
24/11/2024,Valencia,Real Betis,La Liga
24/11/2024,Venezia,Lecce,Serie A
24/10/2024,Anderlecht,Ludogorets Razgrad,UEFA Europa League
24/10/2024,APOEL,Borac Banja Luka,UEFA Conference League
24/10/2024,Athletic Bilbao,Slavia Prague,UEFA Europa League
24/10/2024,Celje,Istanbul Basaksehir,UEFA Conference League
24/10/2024,Djurgardens IF,Vitoria de Guimaraes,UEFA Conference League
24/10/2024,Eintracht Frankfurt,RFS,UEFA Europa League
24/10/2024,Fenerbahce,Manchester United,UEFA Europa League
24/10/2024,Ferencvaros,Nice,UEFA Europa League
24/10/2024,FK TSC Backa Topola,Legia Warsaw,UEFA Conference League
24/10/2024,Gent,Molde,UEFA Conference League
24/10/2024,Hearts,Omonia,UEFA Conference League
24/10/2024,HJK Helsinki,Dinamo Minsk,UEFA Conference League
24/10/2024,Jagiellonia Biaystok,Petrocub Hincesti,UEFA Conference League
24/10/2024,Larne,Shamrock Rovers,UEFA Conference League
24/10/2024,Lyon,Besiktas,UEFA Europa League
24/10/2024,Maccabi Tel Aviv,Real Sociedad,UEFA Europa League
24/10/2024,Malmo FF,Olympiacos,UEFA Europa League
24/10/2024,Midtjylland,Union Saint-Gilloise,UEFA Europa League
24/10/2024,Mlada Boleslav,Lugano,UEFA Conference League
24/10/2024,Olimpija Ljubljana,LASK,UEFA Conference League
24/10/2024,Pafos,1. FC Heidenheim,UEFA Conference League
24/10/2024,Panathinaikos,Chelsea,UEFA Conference League
24/10/2024,PAOK,Viktoria Plzen,UEFA Europa League
24/10/2024,Porto,TSG Hoffenheim,UEFA Europa League
24/10/2024,Qarabag,Ajax,UEFA Europa League
24/10/2024,Rangers,FCSB,UEFA Europa League
24/10/2024,Rapid Wien,Noah,UEFA Conference League
24/10/2024,Real Betis,Copenhagen,UEFA Conference League
24/10/2024,Roma,Dynamo Kyiv,UEFA Europa League
24/10/2024,St. Gallen,Fiorentina,UEFA Conference League
24/10/2024,The New Saints,Astana,UEFA Conference League
24/10/2024,Tottenham Hotspur,AZ Alkmaar,UEFA Europa League
24/10/2024,Twente,Lazio,UEFA Europa League
24/10/2024,Vikingur Reykjavik,Cercle Brugge,UEFA Conference League
24/08/2024,Aston Villa,Arsenal FC,Premier League
24/08/2024,Barcelona,Athletic Bilbao,La Liga
24/08/2024,Borussia Dortmund,Eintracht Frankfurt,Bundesliga
24/08/2024,Brighton & Hove Albion,Manchester United,Premier League
24/08/2024,Crystal Palace,West Ham United,Premier League
24/08/2024,Espanyol,Real Sociedad,La Liga
24/08/2024,FC Augsburg,Werder Bremen,Bundesliga
24/08/2024,Fulham,Leicester City,Premier League
24/08/2024,Getafe,Rayo Vallecano,La Liga
24/08/2024,Inter Milan,Lecce,Serie A
24/08/2024,Lille,Angers,Ligue 1
24/08/2024,Lyon,AS Monaco,Ligue 1
24/08/2024,Mainz 05,Union Berlin,Bundesliga
24/08/2024,Manchester City,Ipswich Town,Premier League
24/08/2024,Monza,Genoa,Serie A
24/08/2024,Osasuna,Mallorca,La Liga
24/08/2024,Parma,AC Milan,Serie A
24/08/2024,RB Leipzig,VfL Bochum,Bundesliga
24/08/2024,Saint-Etienne,Le Havre,Ligue 1
24/08/2024,SC Freiburg,VfB Stuttgart,Bundesliga
24/08/2024,Southampton,Nottingham Forest,Premier League
24/08/2024,Tottenham Hotspur,Everton,Premier League
24/08/2024,TSG Hoffenheim,Holstein Kiel,Bundesliga
24/08/2024,Udinese,Lazio,Serie A
23/11/2024,Arsenal FC,Nottingham Forest,Premier League
23/11/2024,AS Monaco,Brest,Ligue 1
23/11/2024,Aston Villa,Crystal Palace,Premier League
23/11/2024,Auxerre,Angers,Ligue 1
23/11/2024,Bayer Leverkusen,1. FC Heidenheim,Bundesliga
23/11/2024,Bayern Munich,FC Augsburg,Bundesliga
23/11/2024,Borussia Dortmund,SC Freiburg,Bundesliga
23/11/2024,Borussia Monchengladbach,FC St. Pauli,Bundesliga
23/11/2024,Bournemouth,Brighton & Hove Albion,Premier League
23/11/2024,Eintracht Frankfurt,Werder Bremen,Bundesliga
23/11/2024,Everton,Brentford,Premier League
23/11/2024,Fulham,Wolverhampton Wanderers,Premier League
23/11/2024,Holstein Kiel,Mainz 05,Bundesliga
23/11/2024,Ipswich Town,Manchester United,Premier League
23/11/2024,Leicester City,Chelsea,Premier League
23/11/2024,Lens,Marseille,Ligue 1
23/11/2024,Lille,Rennes,Ligue 1
23/11/2024,Manchester City,Tottenham Hotspur,Premier League
23/11/2024,Nantes,Le Havre,Ligue 1
23/11/2024,Newcastle United,West Ham United,Premier League
23/11/2024,Nice,Strasbourg,Ligue 1
23/11/2024,Paris Saint-Germain,Toulouse,Ligue 1
23/11/2024,Reims,Lyon,Ligue 1
23/11/2024,Saint-Etienne,Montpellier,Ligue 1
23/11/2024,Southampton,Liverpool,Premier League
23/11/2024,TSG Hoffenheim,RB Leipzig,Bundesliga
23/11/2024,VfB Stuttgart,VfL Bochum,Bundesliga
23/11/2024,VfL Wolfsburg,Union Berlin,Bundesliga
23/10/2024,Atalanta,Celtic,UEFA Champions League
23/10/2024,Atletico Madrid,Lille,UEFA Champions League
23/10/2024,Barcelona,Bayern Munich,UEFA Champions League
23/10/2024,Benfica,Feyenoord,UEFA Champions League
23/10/2024,Braga,Bodo/Glimt,UEFA Europa League
23/10/2024,Brest,Bayer Leverkusen,UEFA Champions League
23/10/2024,Galatasaray,IF Elfsborg,UEFA Europa League
23/10/2024,Manchester City,Sparta Prague,UEFA Champions League
23/10/2024,RB Leipzig,Liverpool,UEFA Champions League
23/10/2024,Red Bull Salzburg,Dinamo Zagreb,UEFA Champions League
23/10/2024,Young Boys,Inter Milan,UEFA Champions League
23/09/2024,Real Betis,Mallorca,La Liga
23/08/2024,Borussia Monchengladbach,Bayer Leverkusen,Bundesliga
23/08/2024,Celta Vigo,Valencia,La Liga
23/08/2024,Paris Saint-Germain,Montpellier,Ligue 1
23/08/2024,Sevilla,Villarreal,La Liga
23/04/2025,Alaves,Real Sociedad,La Liga
23/04/2025,Athletic Bilbao,Las Palmas,La Liga
23/04/2025,Atletico Madrid,Rayo Vallecano,La Liga
23/04/2025,Barcelona,Mallorca,La Liga
23/04/2025,Celta Vigo,Villarreal,La Liga
23/04/2025,Getafe,Real Madrid,La Liga
23/04/2025,Leganes,Girona,La Liga
23/04/2025,Osasuna,Sevilla,La Liga
23/04/2025,Real Betis,Valladolid,La Liga
23/04/2025,Valencia,Espanyol,La Liga
23/02/2025,Alaves,Espanyol,La Liga
23/02/2025,Athletic Bilbao,Valladolid,La Liga
23/02/2025,Celta Vigo,Osasuna,La Liga
23/02/2025,Getafe,Real Betis,La Liga
23/02/2025,Las Palmas,Barcelona,La Liga
23/02/2025,Rayo Vallecano,Villarreal,La Liga
23/02/2025,Real Madrid,Girona,La Liga
23/02/2025,Real Sociedad,Leganes,La Liga
23/02/2025,Sevilla,Mallorca,La Liga
23/02/2025,Valencia,Atletico Madrid,La Liga
23/01/2025,AZ Alkmaar,Roma,UEFA Europa League
23/01/2025,Bodo/Glimt,Maccabi Tel Aviv,UEFA Europa League
23/01/2025,Eintracht Frankfurt,Ferencvaros,UEFA Europa League
23/01/2025,Fenerbahce,Lyon,UEFA Europa League
23/01/2025,IF Elfsborg,Nice,UEFA Europa League
23/01/2025,Lazio,Real Sociedad,UEFA Europa League
23/01/2025,Ludogorets Razgrad,Midtjylland,UEFA Europa League
23/01/2025,Malmo FF,Twente,UEFA Europa League
23/01/2025,Manchester United,Rangers,UEFA Europa League
23/01/2025,PAOK,Slavia Prague,UEFA Europa League
23/01/2025,Porto,Olympiacos,UEFA Europa League
23/01/2025,Qarabag,FCSB,UEFA Europa League
23/01/2025,RFS,Ajax,UEFA Europa League
23/01/2025,TSG Hoffenheim,Tottenham Hotspur,UEFA Europa League
23/01/2025,Union Saint-Gilloise,Braga,UEFA Europa League
23/01/2025,Viktoria Plzen,Anderlecht,UEFA Europa League
22/12/2024,Atalanta,Empoli,Serie A
22/12/2024,Barcelona,Atletico Madrid,La Liga
22/12/2024,Celta Vigo,Real Sociedad,La Liga
22/12/2024,Fiorentina,Udinese,Serie A
22/12/2024,Genoa,Napoli,Serie A
22/12/2024,Getafe,Mallorca,La Liga
22/12/2024,Girona,Valladolid,La Liga
22/12/2024,Hellas Verona,AC Milan,Serie A
22/12/2024,Inter Milan,Como,Serie A
22/12/2024,Las Palmas,Espanyol,La Liga
22/12/2024,Lecce,Lazio,Serie A
22/12/2024,Leganes,Villarreal,La Liga
22/12/2024,Monza,Juventus,Serie A
22/12/2024,Osasuna,Athletic Bilbao,La Liga
22/12/2024,Real Betis,Rayo Vallecano,La Liga
22/12/2024,Real Madrid,Sevilla,La Liga
22/12/2024,Roma,Parma,Serie A
22/12/2024,Torino,Bologna,Serie A
22/12/2024,Valencia,Alaves,La Liga
22/12/2024,Venezia,Cagliari,Serie A
22/10/2024,AC Milan,Club Brugge,UEFA Champions League
22/10/2024,Arsenal FC,Shakhtar Donetsk,UEFA Champions League
22/10/2024,AS Monaco,Red Star Belgrade,UEFA Champions League
22/10/2024,Aston Villa,Bologna,UEFA Champions League
22/10/2024,Girona,Slovan Bratislava,UEFA Champions League
22/10/2024,Juventus,VfB Stuttgart,UEFA Champions League
22/10/2024,Paris Saint-Germain,PSV Eindhoven,UEFA Champions League
22/10/2024,Real Madrid,Borussia Dortmund,UEFA Champions League
22/10/2024,Sturm Graz,Sporting CP,UEFA Champions League
22/09/2024,Angers,Nantes,Ligue 1
22/09/2024,Atalanta,Como,Serie A
22/09/2024,Athletic Bilbao,Celta Vigo,La Liga
22/09/2024,Bayer Leverkusen,VfL Wolfsburg,Bundesliga
22/09/2024,Brest,Toulouse,Ligue 1
22/09/2024,Brighton & Hove Albion,Nottingham Forest,Premier League
22/09/2024,Cagliari,Empoli,Serie A
22/09/2024,FC St. Pauli,RB Leipzig,Bundesliga
22/09/2024,Fiorentina,Lazio,Serie A
22/09/2024,Getafe,Leganes,La Liga
22/09/2024,Hellas Verona,Torino,Serie A
22/09/2024,Inter Milan,AC Milan,Serie A
22/09/2024,Juventus,Napoli,Serie A
22/09/2024,Lecce,Parma,Serie A
22/09/2024,Manchester City,Arsenal FC,Premier League
22/09/2024,Montpellier,Auxerre,Ligue 1
22/09/2024,Monza,Bologna,Serie A
22/09/2024,Rayo Vallecano,Atletico Madrid,La Liga
22/09/2024,Roma,Udinese,Serie A
22/09/2024,Venezia,Genoa,Serie A
22/09/2024,VfB Stuttgart,Borussia Dortmund,Bundesliga
22/09/2024,Villarreal,Barcelona,La Liga
22/02/2025,Arsenal FC,West Ham United,Premier League
22/02/2025,Aston Villa,Chelsea,Premier League
22/02/2025,Auxerre,Marseille,Ligue 1
22/02/2025,Bayern Munich,Eintracht Frankfurt,Bundesliga
22/02/2025,Borussia Dortmund,Union Berlin,Bundesliga
22/02/2025,Borussia Monchengladbach,FC Augsburg,Bundesliga
22/02/2025,Bournemouth,Wolverhampton Wanderers,Premier League
22/02/2025,Everton,Manchester United,Premier League
22/02/2025,Fulham,Crystal Palace,Premier League
22/02/2025,Holstein Kiel,Bayer Leverkusen,Bundesliga
22/02/2025,Ipswich Town,Tottenham Hotspur,Premier League
22/02/2025,Le Havre,Toulouse,Ligue 1
22/02/2025,Leicester City,Brentford,Premier League
22/02/2025,Lille,AS Monaco,Ligue 1
22/02/2025,Lyon,Paris Saint-Germain,Ligue 1
22/02/2025,Mainz 05,FC St. Pauli,Bundesliga
22/02/2025,Manchester City,Liverpool,Premier League
22/02/2025,Nantes,Lens,Ligue 1
22/02/2025,Newcastle United,Nottingham Forest,Premier League
22/02/2025,Nice,Montpellier,Ligue 1
22/02/2025,RB Leipzig,1. FC Heidenheim,Bundesliga
22/02/2025,Rennes,Reims,Ligue 1
22/02/2025,Saint-Etienne,Angers,Ligue 1
22/02/2025,SC Freiburg,Werder Bremen,Bundesliga
22/02/2025,Southampton,Brighton & Hove Albion,Premier League
22/02/2025,Strasbourg,Brest,Ligue 1
22/02/2025,TSG Hoffenheim,VfB Stuttgart,Bundesliga
22/02/2025,VfL Wolfsburg,VfL Bochum,Bundesliga
22/01/2025,AC Milan,Girona,UEFA Champions League
22/01/2025,Arsenal FC,Dinamo Zagreb,UEFA Champions League
22/01/2025,Besiktas,Athletic Bilbao,UEFA Europa League
22/01/2025,Celtic,Young Boys,UEFA Champions League
22/01/2025,Feyenoord,Bayern Munich,UEFA Champions League
22/01/2025,Paris Saint-Germain,Manchester City,UEFA Champions League
22/01/2025,RB Leipzig,Sporting CP,UEFA Champions League
22/01/2025,Real Madrid,Red Bull Salzburg,UEFA Champions League
22/01/2025,Shakhtar Donetsk,Brest,UEFA Champions League
22/01/2025,Sparta Prague,Inter Milan,UEFA Champions League
21/12/2024,Aston Villa,Manchester City,Premier League
21/12/2024,Bayer Leverkusen,SC Freiburg,Bundesliga
21/12/2024,Bayern Munich,RB Leipzig,Bundesliga
21/12/2024,Brentford,Nottingham Forest,Premier League
21/12/2024,Crystal Palace,Arsenal FC,Premier League
21/12/2024,Eintracht Frankfurt,Mainz 05,Bundesliga
21/12/2024,Everton,Chelsea,Premier League
21/12/2024,Fulham,Southampton,Premier League
21/12/2024,Holstein Kiel,FC Augsburg,Bundesliga
21/12/2024,Ipswich Town,Newcastle United,Premier League
21/12/2024,Leicester City,Wolverhampton Wanderers,Premier League
21/12/2024,Manchester United,Bournemouth,Premier League
21/12/2024,Tottenham Hotspur,Liverpool,Premier League
21/12/2024,TSG Hoffenheim,Borussia Monchengladbach,Bundesliga
21/12/2024,VfB Stuttgart,FC St. Pauli,Bundesliga
21/12/2024,VfL Bochum,1. FC Heidenheim,Bundesliga
21/12/2024,VfL Wolfsburg,Borussia Dortmund,Bundesliga
21/12/2024,Werder Bremen,Union Berlin,Bundesliga
21/12/2024,West Ham United,Brighton & Hove Albion,Premier League
21/10/2024,Nottingham Forest,Crystal Palace,Premier League
21/09/2024,1. FC Heidenheim,SC Freiburg,Bundesliga
21/09/2024,AS Monaco,Le Havre,Ligue 1
21/09/2024,Aston Villa,Wolverhampton Wanderers,Premier League
21/09/2024,Crystal Palace,Manchester United,Premier League
21/09/2024,Eintracht Frankfurt,Borussia Monchengladbach,Bundesliga
21/09/2024,Fulham,Newcastle United,Premier League
21/09/2024,Leicester City,Everton,Premier League
21/09/2024,Lille,Strasbourg,Ligue 1
21/09/2024,Liverpool,Bournemouth,Premier League
21/09/2024,Lyon,Marseille,Ligue 1
21/09/2024,Nice,Saint-Etienne,Ligue 1
21/09/2024,Osasuna,Las Palmas,La Liga
21/09/2024,Real Madrid,Espanyol,La Liga
21/09/2024,Reims,Paris Saint-Germain,Ligue 1
21/09/2024,Rennes,Lens,Ligue 1
21/09/2024,Southampton,Ipswich Town,Premier League
21/09/2024,Tottenham Hotspur,Brentford,Premier League
21/09/2024,Union Berlin,TSG Hoffenheim,Bundesliga
21/09/2024,Valencia,Girona,La Liga
21/09/2024,Valladolid,Real Sociedad,La Liga
21/09/2024,VfL Bochum,Holstein Kiel,Bundesliga
21/09/2024,Werder Bremen,Bayern Munich,Bundesliga
21/09/2024,West Ham United,Chelsea,Premier League
21/01/2025,AS Monaco,Aston Villa,UEFA Champions League
21/01/2025,Atalanta,Sturm Graz,UEFA Champions League
21/01/2025,Atletico Madrid,Bayer Leverkusen,UEFA Champions League
21/01/2025,Benfica,Barcelona,UEFA Champions League
21/01/2025,Bologna,Borussia Dortmund,UEFA Champions League
21/01/2025,Club Brugge,Juventus,UEFA Champions League
21/01/2025,Galatasaray,Dynamo Kyiv,UEFA Europa League
21/01/2025,Liverpool,Lille,UEFA Champions League
21/01/2025,Red Star Belgrade,PSV Eindhoven,UEFA Champions League
21/01/2025,Slovan Bratislava,VfB Stuttgart,UEFA Champions League
20/10/2024,AC Milan,Udinese,Serie A
20/10/2024,Alaves,Valladolid,La Liga
20/10/2024,Athletic Bilbao,Espanyol,La Liga
20/10/2024,Atletico Madrid,Leganes,La Liga
20/10/2024,Barcelona,Sevilla,La Liga
20/10/2024,Cagliari,Torino,Serie A
20/10/2024,Celta Vigo,Real Madrid,La Liga
20/10/2024,Como,Parma,Serie A
20/10/2024,Empoli,Napoli,Serie A
20/10/2024,Genoa,Bologna,Serie A
20/10/2024,Girona,Real Sociedad,La Liga
20/10/2024,Hellas Verona,Monza,Serie A
20/10/2024,Juventus,Lazio,Serie A
20/10/2024,Lecce,Fiorentina,Serie A
20/10/2024,Liverpool,Chelsea,Premier League
20/10/2024,Mallorca,Rayo Vallecano,La Liga
20/10/2024,Osasuna,Real Betis,La Liga
20/10/2024,Roma,Inter Milan,Serie A
20/10/2024,Valencia,Las Palmas,La Liga
20/10/2024,Venezia,Atalanta,Serie A
20/10/2024,Villarreal,Getafe,La Liga
20/10/2024,Wolverhampton Wanderers,Manchester City,Premier League
20/09/2024,Alaves,Sevilla,La Liga
20/09/2024,FC Augsburg,Mainz 05,Bundesliga
20/04/2025,AC Milan,Atalanta,Serie A
20/04/2025,Barcelona,Celta Vigo,La Liga
20/04/2025,Bologna,Inter Milan,Serie A
20/04/2025,Cagliari,Fiorentina,Serie A
20/04/2025,Empoli,Venezia,Serie A
20/04/2025,Espanyol,Getafe,La Liga
20/04/2025,Genoa,Lazio,Serie A
20/04/2025,Girona,Real Betis,La Liga
20/04/2025,Las Palmas,Atletico Madrid,La Liga
20/04/2025,Lecce,Como,Serie A
20/04/2025,Mallorca,Leganes,La Liga
20/04/2025,Monza,Napoli,Serie A
20/04/2025,Parma,Juventus,Serie A
20/04/2025,Rayo Vallecano,Valencia,La Liga
20/04/2025,Real Madrid,Athletic Bilbao,La Liga
20/04/2025,Roma,Hellas Verona,Serie A
20/04/2025,Sevilla,Alaves,La Liga
20/04/2025,Torino,Udinese,Serie A
20/04/2025,Valladolid,Osasuna,La Liga
20/04/2025,Villarreal,Real Sociedad,La Liga
19/12/2024,1. FC Heidenheim,St. Gallen,UEFA Conference League
19/12/2024,APOEL,Astana,UEFA Conference League
19/12/2024,Borac Banja Luka,Omonia,UEFA Conference League
19/12/2024,Celje,The New Saints,UEFA Conference League
19/12/2024,Cercle Brugge,Istanbul Basaksehir,UEFA Conference League
19/12/2024,Chelsea,Shamrock Rovers,UEFA Conference League
19/12/2024,Djurgardens IF,Legia Warsaw,UEFA Conference League
19/12/2024,FK TSC Backa Topola,Noah,UEFA Conference League
19/12/2024,Hearts,Petrocub Hincesti,UEFA Conference League
19/12/2024,Jagiellonia Biaystok,Olimpija Ljubljana,UEFA Conference League
19/12/2024,Larne,Gent,UEFA Conference League
19/12/2024,LASK,Vikingur Reykjavik,UEFA Conference League
19/12/2024,Lugano,Pafos,UEFA Conference League
19/12/2024,Molde,Mlada Boleslav,UEFA Conference League
19/12/2024,Panathinaikos,Dinamo Minsk,UEFA Conference League
19/12/2024,Rapid Wien,Copenhagen,UEFA Conference League
19/12/2024,Real Betis,HJK Helsinki,UEFA Conference League
19/12/2024,Vitoria de Guimaraes,Fiorentina,UEFA Conference League
19/10/2024,AS Monaco,Lille,Ligue 1
19/10/2024,Auxerre,Reims,Ligue 1
19/10/2024,Bayer Leverkusen,Eintracht Frankfurt,Bundesliga
19/10/2024,Bayern Munich,VfB Stuttgart,Bundesliga
19/10/2024,Borussia Dortmund,FC St. Pauli,Bundesliga
19/10/2024,Borussia Monchengladbach,1. FC Heidenheim,Bundesliga
19/10/2024,Bournemouth,Arsenal FC,Premier League
19/10/2024,Brest,Rennes,Ligue 1
19/10/2024,Fulham,Aston Villa,Premier League
19/10/2024,Holstein Kiel,Union Berlin,Bundesliga
19/10/2024,Ipswich Town,Everton,Premier League
19/10/2024,Le Havre,Lyon,Ligue 1
19/10/2024,Mainz 05,RB Leipzig,Bundesliga
19/10/2024,Manchester United,Brentford,Premier League
19/10/2024,Montpellier,Marseille,Ligue 1
19/10/2024,Nantes,Nice,Ligue 1
19/10/2024,Newcastle United,Brighton & Hove Albion,Premier League
19/10/2024,Paris Saint-Germain,Strasbourg,Ligue 1
19/10/2024,Saint-Etienne,Lens,Ligue 1
19/10/2024,SC Freiburg,FC Augsburg,Bundesliga
19/10/2024,Southampton,Leicester City,Premier League
19/10/2024,Tottenham Hotspur,West Ham United,Premier League
19/10/2024,Toulouse,Angers,Ligue 1
19/10/2024,TSG Hoffenheim,VfL Bochum,Bundesliga
19/10/2024,VfL Wolfsburg,Werder Bremen,Bundesliga
19/09/2024,AS Monaco,Barcelona,UEFA Champions League
19/09/2024,Atalanta,Arsenal FC,UEFA Champions League
19/09/2024,Atletico Madrid,RB Leipzig,UEFA Champions League
19/09/2024,Brest,Sturm Graz,UEFA Champions League
19/09/2024,Feyenoord,Bayer Leverkusen,UEFA Champions League
19/09/2024,Leganes,Athletic Bilbao,La Liga
19/09/2024,Red Star Belgrade,Benfica,UEFA Champions League
19/08/2024,Juventus,Como,Serie A
19/08/2024,Lecce,Atalanta,Serie A
19/08/2024,Leicester City,Tottenham Hotspur,Premier League
19/08/2024,Valladolid,Espanyol,La Liga
19/08/2024,Villarreal,Atletico Madrid,La Liga
19/04/2025,1. FC Heidenheim,Bayern Munich,Bundesliga
19/04/2025,AS Monaco,Strasbourg,Ligue 1
19/04/2025,Aston Villa,Newcastle United,Premier League
19/04/2025,Borussia Dortmund,Borussia Monchengladbach,Bundesliga
19/04/2025,Brentford,Brighton & Hove Albion,Premier League
19/04/2025,Brest,Lens,Ligue 1
19/04/2025,Crystal Palace,Bournemouth,Premier League
19/04/2025,Everton,Manchester City,Premier League
19/04/2025,FC Augsburg,Eintracht Frankfurt,Bundesliga
19/04/2025,FC St. Pauli,Bayer Leverkusen,Bundesliga
19/04/2025,Fulham,Chelsea,Premier League
19/04/2025,Ipswich Town,Arsenal FC,Premier League
19/04/2025,Leicester City,Liverpool,Premier League
19/04/2025,Lille,Auxerre,Ligue 1
19/04/2025,Mainz 05,VfL Wolfsburg,Bundesliga
19/04/2025,Manchester United,Wolverhampton Wanderers,Premier League
19/04/2025,Marseille,Montpellier,Ligue 1
19/04/2025,Nice,Angers,Ligue 1
19/04/2025,Paris Saint-Germain,Le Havre,Ligue 1
19/04/2025,RB Leipzig,Holstein Kiel,Bundesliga
19/04/2025,Reims,Toulouse,Ligue 1
19/04/2025,Rennes,Nantes,Ligue 1
19/04/2025,Saint-Etienne,Lyon,Ligue 1
19/04/2025,SC Freiburg,TSG Hoffenheim,Bundesliga
19/04/2025,Tottenham Hotspur,Nottingham Forest,Premier League
19/04/2025,Union Berlin,VfB Stuttgart,Bundesliga
19/04/2025,Werder Bremen,VfL Bochum,Bundesliga
19/04/2025,West Ham United,Southampton,Premier League
19/01/2025,Atalanta,Napoli,Serie A
19/01/2025,Bologna,Monza,Serie A
19/01/2025,Cagliari,Lecce,Serie A
19/01/2025,Celta Vigo,Athletic Bilbao,La Liga
19/01/2025,Como,Udinese,Serie A
19/01/2025,Espanyol,Valladolid,La Liga
19/01/2025,Fiorentina,Torino,Serie A
19/01/2025,Getafe,Barcelona,La Liga
19/01/2025,Girona,Sevilla,La Liga
19/01/2025,Hellas Verona,Lazio,Serie A
19/01/2025,Inter Milan,Empoli,Serie A
19/01/2025,Juventus,AC Milan,Serie A
19/01/2025,Leganes,Atletico Madrid,La Liga
19/01/2025,Osasuna,Rayo Vallecano,La Liga
19/01/2025,Parma,Venezia,Serie A
19/01/2025,Real Betis,Alaves,La Liga
19/01/2025,Real Madrid,Las Palmas,La Liga
19/01/2025,Roma,Genoa,Serie A
19/01/2025,Valencia,Real Sociedad,La Liga
19/01/2025,Villarreal,Mallorca,La Liga
18/09/2024,Bologna,Shakhtar Donetsk,UEFA Champions League
18/09/2024,Celtic,Slovan Bratislava,UEFA Champions League
18/09/2024,Club Brugge,Borussia Dortmund,UEFA Champions League
18/09/2024,Manchester City,Inter Milan,UEFA Champions League
18/09/2024,Paris Saint-Germain,Girona,UEFA Champions League
18/09/2024,Real Betis,Getafe,La Liga
18/09/2024,Sparta Prague,Red Bull Salzburg,UEFA Champions League
18/08/2024,Angers,Lens,Ligue 1
18/08/2024,Auxerre,Nice,Ligue 1
18/08/2024,Bologna,Udinese,Serie A
18/08/2024,Brentford,Crystal Palace,Premier League
18/08/2024,Cagliari,Roma,Serie A
18/08/2024,Chelsea,Manchester City,Premier League
18/08/2024,Hellas Verona,Napoli,Serie A
18/08/2024,Lazio,Venezia,Serie A
18/08/2024,Mallorca,Real Madrid,La Liga
18/08/2024,Montpellier,Strasbourg,Ligue 1
18/08/2024,Real Sociedad,Rayo Vallecano,La Liga
18/08/2024,Rennes,Lyon,Ligue 1
18/08/2024,Toulouse,Nantes,Ligue 1
18/05/2025,Arsenal FC,Newcastle United,Premier League
18/05/2025,Aston Villa,Tottenham Hotspur,Premier League
18/05/2025,Atletico Madrid,Real Betis,La Liga
18/05/2025,Barcelona,Villarreal,La Liga
18/05/2025,Brentford,Fulham,Premier League
18/05/2025,Brighton & Hove Albion,Liverpool,Premier League
18/05/2025,Cagliari,Venezia,Serie A
18/05/2025,Celta Vigo,Rayo Vallecano,La Liga
18/05/2025,Chelsea,Manchester United,Premier League
18/05/2025,Crystal Palace,Wolverhampton Wanderers,Premier League
18/05/2025,Everton,Southampton,Premier League
18/05/2025,Fiorentina,Bologna,Serie A
18/05/2025,Genoa,Atalanta,Serie A
18/05/2025,Hellas Verona,Como,Serie A
18/05/2025,Inter Milan,Lazio,Serie A
18/05/2025,Juventus,Udinese,Serie A
18/05/2025,Las Palmas,Leganes,La Liga
18/05/2025,Lecce,Torino,Serie A
18/05/2025,Leicester City,Ipswich Town,Premier League
18/05/2025,Mallorca,Getafe,La Liga
18/05/2025,Manchester City,Bournemouth,Premier League
18/05/2025,Monza,Empoli,Serie A
18/05/2025,Osasuna,Espanyol,La Liga
18/05/2025,Parma,Napoli,Serie A
18/05/2025,Real Sociedad,Girona,La Liga
18/05/2025,Roma,AC Milan,Serie A
18/05/2025,Sevilla,Real Madrid,La Liga
18/05/2025,Valencia,Athletic Bilbao,La Liga
18/05/2025,Valladolid,Alaves,La Liga
18/05/2025,West Ham United,Nottingham Forest,Premier League
18/01/2025,1. FC Heidenheim,FC St. Pauli,Bundesliga
18/01/2025,Angers,Auxerre,Ligue 1
18/01/2025,Arsenal FC,Aston Villa,Premier League
18/01/2025,Bayer Leverkusen,Borussia Monchengladbach,Bundesliga
18/01/2025,Bayern Munich,VfL Wolfsburg,Bundesliga
18/01/2025,Brentford,Liverpool,Premier League
18/01/2025,Chelsea,Wolverhampton Wanderers,Premier League
18/01/2025,Eintracht Frankfurt,Borussia Dortmund,Bundesliga
18/01/2025,Everton,Tottenham Hotspur,Premier League
18/01/2025,Holstein Kiel,TSG Hoffenheim,Bundesliga
18/01/2025,Ipswich Town,Manchester City,Premier League
18/01/2025,Leicester City,Fulham,Premier League
18/01/2025,Lens,Paris Saint-Germain,Ligue 1
18/01/2025,Lille,Nice,Ligue 1
18/01/2025,Lyon,Toulouse,Ligue 1
18/01/2025,Manchester United,Brighton & Hove Albion,Premier League
18/01/2025,Marseille,Strasbourg,Ligue 1
18/01/2025,Montpellier,AS Monaco,Ligue 1
18/01/2025,Newcastle United,Bournemouth,Premier League
18/01/2025,Nottingham Forest,Southampton,Premier League
18/01/2025,Reims,Le Havre,Ligue 1
18/01/2025,Rennes,Brest,Ligue 1
18/01/2025,Saint-Etienne,Nantes,Ligue 1
18/01/2025,Union Berlin,Mainz 05,Bundesliga
18/01/2025,VfB Stuttgart,SC Freiburg,Bundesliga
18/01/2025,VfL Bochum,RB Leipzig,Bundesliga
18/01/2025,Werder Bremen,FC Augsburg,Bundesliga
18/01/2025,West Ham United,Crystal Palace,Premier League
17/09/2024,AC Milan,Liverpool,UEFA Champions League
17/09/2024,Bayern Munich,Dinamo Zagreb,UEFA Champions League
17/09/2024,Juventus,PSV Eindhoven,UEFA Champions League
17/09/2024,Mallorca,Real Sociedad,La Liga
17/09/2024,Real Madrid,VfB Stuttgart,UEFA Champions League
17/09/2024,Sporting CP,Lille,UEFA Champions League
17/09/2024,Young Boys,Aston Villa,UEFA Champions League
17/08/2024,AC Milan,Torino,Serie A
17/08/2024,Arsenal FC,Wolverhampton Wanderers,Premier League
17/08/2024,AS Monaco,Saint-Etienne,Ligue 1
17/08/2024,Brest,Marseille,Ligue 1
17/08/2024,Empoli,Monza,Serie A
17/08/2024,Everton,Brighton & Hove Albion,Premier League
17/08/2024,Genoa,Inter Milan,Serie A
17/08/2024,Ipswich Town,Liverpool,Premier League
17/08/2024,Newcastle United,Southampton,Premier League
17/08/2024,Nottingham Forest,Bournemouth,Premier League
17/08/2024,Osasuna,Leganes,La Liga
17/08/2024,Parma,Fiorentina,Serie A
17/08/2024,Reims,Lille,Ligue 1
17/08/2024,Valencia,Barcelona,La Liga
17/08/2024,West Ham United,Aston Villa,Premier League
17/05/2025,1. FC Heidenheim,Werder Bremen,Bundesliga
17/05/2025,Borussia Dortmund,Holstein Kiel,Bundesliga
17/05/2025,Borussia Monchengladbach,VfL Wolfsburg,Bundesliga
17/05/2025,FC Augsburg,Union Berlin,Bundesliga
17/05/2025,FC St. Pauli,VfL Bochum,Bundesliga
17/05/2025,Lens,AS Monaco,Ligue 1
17/05/2025,Lille,Reims,Ligue 1
17/05/2025,Lyon,Angers,Ligue 1
17/05/2025,Mainz 05,Bayer Leverkusen,Bundesliga
17/05/2025,Marseille,Rennes,Ligue 1
17/05/2025,Nantes,Montpellier,Ligue 1
17/05/2025,Nice,Brest,Ligue 1
17/05/2025,Paris Saint-Germain,Auxerre,Ligue 1
17/05/2025,RB Leipzig,VfB Stuttgart,Bundesliga
17/05/2025,Saint-Etienne,Toulouse,Ligue 1
17/05/2025,SC Freiburg,Eintracht Frankfurt,Bundesliga
17/05/2025,Strasbourg,Le Havre,Ligue 1
17/05/2025,TSG Hoffenheim,Bayern Munich,Bundesliga
16/09/2024,Lazio,Hellas Verona,Serie A
16/09/2024,Parma,Udinese,Serie A
16/09/2024,Rayo Vallecano,Osasuna,La Liga
16/08/2024,Celta Vigo,Alaves,La Liga
16/08/2024,Las Palmas,Sevilla,La Liga
16/08/2024,Le Havre,Paris Saint-Germain,Ligue 1
16/08/2024,Manchester United,Fulham,Premier League
16/03/2025,AC Milan,Como,Serie A
16/03/2025,Atalanta,Inter Milan,Serie A
16/03/2025,Atletico Madrid,Barcelona,La Liga
16/03/2025,Bologna,Lazio,Serie A
16/03/2025,Fiorentina,Juventus,Serie A
16/03/2025,Genoa,Lecce,Serie A
16/03/2025,Girona,Valencia,La Liga
16/03/2025,Las Palmas,Alaves,La Liga
16/03/2025,Leganes,Real Betis,La Liga
16/03/2025,Mallorca,Espanyol,La Liga
16/03/2025,Monza,Parma,Serie A
16/03/2025,Osasuna,Getafe,La Liga
16/03/2025,Rayo Vallecano,Real Sociedad,La Liga
16/03/2025,Roma,Cagliari,Serie A
16/03/2025,Sevilla,Athletic Bilbao,La Liga
16/03/2025,Torino,Empoli,Serie A
16/03/2025,Udinese,Hellas Verona,Serie A
16/03/2025,Valladolid,Celta Vigo,La Liga
16/03/2025,Venezia,Napoli,Serie A
16/03/2025,Villarreal,Real Madrid,La Liga
16/02/2025,AC Milan,Hellas Verona,Serie A
16/02/2025,Atalanta,Cagliari,Serie A
16/02/2025,Atletico Madrid,Celta Vigo,La Liga
16/02/2025,Barcelona,Rayo Vallecano,La Liga
16/02/2025,Bologna,Torino,Serie A
16/02/2025,Espanyol,Athletic Bilbao,La Liga
16/02/2025,Fiorentina,Como,Serie A
16/02/2025,Genoa,Venezia,Serie A
16/02/2025,Girona,Getafe,La Liga
16/02/2025,Juventus,Inter Milan,Serie A
16/02/2025,Lazio,Napoli,Serie A
16/02/2025,Leganes,Alaves,La Liga
16/02/2025,Mallorca,Las Palmas,La Liga
16/02/2025,Monza,Lecce,Serie A
16/02/2025,Osasuna,Real Madrid,La Liga
16/02/2025,Parma,Roma,Serie A
16/02/2025,Real Betis,Real Sociedad,La Liga
16/02/2025,Udinese,Empoli,Serie A
16/02/2025,Valladolid,Sevilla,La Liga
16/02/2025,Villarreal,Valencia,La Liga
15/12/2024,AC Milan,Genoa,Serie A
15/12/2024,Alaves,Athletic Bilbao,La Liga
15/12/2024,Atletico Madrid,Getafe,La Liga
15/12/2024,Barcelona,Leganes,La Liga
15/12/2024,Bologna,Fiorentina,Serie A
15/12/2024,Cagliari,Atalanta,Serie A
15/12/2024,Como,Roma,Serie A
15/12/2024,Empoli,Torino,Serie A
15/12/2024,Espanyol,Osasuna,La Liga
15/12/2024,Juventus,Venezia,Serie A
15/12/2024,Lazio,Inter Milan,Serie A
15/12/2024,Lecce,Monza,Serie A
15/12/2024,Mallorca,Girona,La Liga
15/12/2024,Parma,Hellas Verona,Serie A
15/12/2024,Rayo Vallecano,Real Madrid,La Liga
15/12/2024,Real Sociedad,Las Palmas,La Liga
15/12/2024,Sevilla,Celta Vigo,La Liga
15/12/2024,Udinese,Napoli,Serie A
15/12/2024,Valladolid,Valencia,La Liga
15/12/2024,Villarreal,Real Betis,La Liga
15/09/2024,Atalanta,Fiorentina,Serie A
15/09/2024,Atletico Madrid,Valencia,La Liga
15/09/2024,Cagliari,Napoli,Serie A
15/09/2024,Celta Vigo,Valladolid,La Liga
15/09/2024,FC Augsburg,FC St. Pauli,Bundesliga
15/09/2024,Genoa,Roma,Serie A
15/09/2024,Girona,Barcelona,La Liga
15/09/2024,Las Palmas,Athletic Bilbao,La Liga
15/09/2024,Mainz 05,Werder Bremen,Bundesliga
15/09/2024,Monza,Inter Milan,Serie A
15/09/2024,Nantes,Reims,Ligue 1
15/09/2024,Rennes,Montpellier,Ligue 1
15/09/2024,Strasbourg,Angers,Ligue 1
15/09/2024,Torino,Lecce,Serie A
15/09/2024,Tottenham Hotspur,Arsenal FC,Premier League
15/09/2024,Toulouse,Le Havre,Ligue 1
15/09/2024,Wolverhampton Wanderers,Newcastle United,Premier League
15/08/2024,Athletic Bilbao,Getafe,La Liga
15/08/2024,Real Betis,Girona,La Liga
15/03/2025,1. FC Heidenheim,Holstein Kiel,Bundesliga
15/03/2025,Angers,AS Monaco,Ligue 1
15/03/2025,Arsenal FC,Chelsea,Premier League
15/03/2025,Aston Villa,Liverpool,Premier League
15/03/2025,Bournemouth,Brentford,Premier League
15/03/2025,Brest,Reims,Ligue 1
15/03/2025,Everton,West Ham United,Premier League
15/03/2025,FC Augsburg,VfL Wolfsburg,Bundesliga
15/03/2025,FC St. Pauli,TSG Hoffenheim,Bundesliga
15/03/2025,Fulham,Tottenham Hotspur,Premier League
15/03/2025,Ipswich Town,Nottingham Forest,Premier League
15/03/2025,Leicester City,Manchester United,Premier League
15/03/2025,Lens,Rennes,Ligue 1
15/03/2025,Lyon,Le Havre,Ligue 1
15/03/2025,Mainz 05,SC Freiburg,Bundesliga
15/03/2025,Manchester City,Brighton & Hove Albion,Premier League
15/03/2025,Montpellier,Saint-Etienne,Ligue 1
15/03/2025,Nantes,Lille,Ligue 1
15/03/2025,Newcastle United,Crystal Palace,Premier League
15/03/2025,Nice,Auxerre,Ligue 1
15/03/2025,Paris Saint-Germain,Marseille,Ligue 1
15/03/2025,RB Leipzig,Borussia Dortmund,Bundesliga
15/03/2025,Southampton,Wolverhampton Wanderers,Premier League
15/03/2025,Strasbourg,Toulouse,Ligue 1
15/03/2025,Union Berlin,Bayern Munich,Bundesliga
15/03/2025,VfB Stuttgart,Bayer Leverkusen,Bundesliga
15/03/2025,VfL Bochum,Eintracht Frankfurt,Bundesliga
15/03/2025,Werder Bremen,Borussia Monchengladbach,Bundesliga
15/02/2025,1. FC Heidenheim,Mainz 05,Bundesliga
15/02/2025,AS Monaco,Nantes,Ligue 1
15/02/2025,Aston Villa,Ipswich Town,Premier League
15/02/2025,Bayer Leverkusen,Bayern Munich,Bundesliga
15/02/2025,Brest,Auxerre,Ligue 1
15/02/2025,Brighton & Hove Albion,Chelsea,Premier League
15/02/2025,Crystal Palace,Everton,Premier League
15/02/2025,Eintracht Frankfurt,Holstein Kiel,Bundesliga
15/02/2025,FC Augsburg,RB Leipzig,Bundesliga
15/02/2025,FC St. Pauli,SC Freiburg,Bundesliga
15/02/2025,Fulham,Nottingham Forest,Premier League
15/02/2025,Le Havre,Nice,Ligue 1
15/02/2025,Leicester City,Arsenal FC,Premier League
15/02/2025,Lens,Strasbourg,Ligue 1
15/02/2025,Liverpool,Wolverhampton Wanderers,Premier League
15/02/2025,Manchester City,Newcastle United,Premier League
15/02/2025,Marseille,Saint-Etienne,Ligue 1
15/02/2025,Montpellier,Lyon,Ligue 1
15/02/2025,Reims,Angers,Ligue 1
15/02/2025,Rennes,Lille,Ligue 1
15/02/2025,Southampton,Bournemouth,Premier League
15/02/2025,Tottenham Hotspur,Manchester United,Premier League
15/02/2025,Toulouse,Paris Saint-Germain,Ligue 1
15/02/2025,Union Berlin,Borussia Monchengladbach,Bundesliga
15/02/2025,VfB Stuttgart,VfL Wolfsburg,Bundesliga
15/02/2025,VfL Bochum,Borussia Dortmund,Bundesliga
15/02/2025,Werder Bremen,TSG Hoffenheim,Bundesliga
15/02/2025,West Ham United,Brentford,Premier League
15/01/2025,Bayer Leverkusen,Mainz 05,Bundesliga
15/01/2025,Bayern Munich,TSG Hoffenheim,Bundesliga
15/01/2025,Chelsea,Bournemouth,Premier League
15/01/2025,Eintracht Frankfurt,SC Freiburg,Bundesliga
15/01/2025,Holstein Kiel,Borussia Dortmund,Bundesliga
15/01/2025,Manchester United,Southampton,Premier League
15/01/2025,Newcastle United,Wolverhampton Wanderers,Premier League
15/01/2025,Union Berlin,FC Augsburg,Bundesliga
15/01/2025,VfB Stuttgart,RB Leipzig,Bundesliga
15/01/2025,VfL Bochum,FC St. Pauli,Bundesliga
15/01/2025,VfL Wolfsburg,Borussia Monchengladbach,Bundesliga
15/01/2025,Werder Bremen,1. FC Heidenheim,Bundesliga
14/12/2024,1. FC Heidenheim,VfB Stuttgart,Bundesliga
14/12/2024,Arsenal FC,Everton,Premier League
14/12/2024,Auxerre,Lens,Ligue 1
14/12/2024,Borussia Dortmund,TSG Hoffenheim,Bundesliga
14/12/2024,Borussia Monchengladbach,Holstein Kiel,Bundesliga
14/12/2024,Bournemouth,West Ham United,Premier League
14/12/2024,Brest,Nantes,Ligue 1
14/12/2024,Brighton & Hove Albion,Crystal Palace,Premier League
14/12/2024,Chelsea,Brentford,Premier League
14/12/2024,FC Augsburg,Bayer Leverkusen,Bundesliga
14/12/2024,FC St. Pauli,Werder Bremen,Bundesliga
14/12/2024,Le Havre,Strasbourg,Ligue 1
14/12/2024,Liverpool,Fulham,Premier League
14/12/2024,Mainz 05,Bayern Munich,Bundesliga
14/12/2024,Manchester City,Manchester United,Premier League
14/12/2024,Marseille,Lille,Ligue 1
14/12/2024,Montpellier,Nice,Ligue 1
14/12/2024,Newcastle United,Leicester City,Premier League
14/12/2024,Nottingham Forest,Aston Villa,Premier League
14/12/2024,Paris Saint-Germain,Lyon,Ligue 1
14/12/2024,RB Leipzig,Eintracht Frankfurt,Bundesliga
14/12/2024,Reims,AS Monaco,Ligue 1
14/12/2024,Rennes,Angers,Ligue 1
14/12/2024,SC Freiburg,VfL Wolfsburg,Bundesliga
14/12/2024,Southampton,Tottenham Hotspur,Premier League
14/12/2024,Toulouse,Saint-Etienne,Ligue 1
14/12/2024,Union Berlin,VfL Bochum,Bundesliga
14/12/2024,Wolverhampton Wanderers,Ipswich Town,Premier League
14/09/2024,AC Milan,Venezia,Serie A
14/09/2024,Aston Villa,Everton,Premier League
14/09/2024,Auxerre,AS Monaco,Ligue 1
14/09/2024,Borussia Monchengladbach,VfB Stuttgart,Bundesliga
14/09/2024,Bournemouth,Chelsea,Premier League
14/09/2024,Brighton & Hove Albion,Ipswich Town,Premier League
14/09/2024,Como,Bologna,Serie A
14/09/2024,Crystal Palace,Leicester City,Premier League
14/09/2024,Empoli,Juventus,Serie A
14/09/2024,Espanyol,Alaves,La Liga
14/09/2024,Fulham,West Ham United,Premier League
14/09/2024,Holstein Kiel,Bayern Munich,Bundesliga
14/09/2024,Lens,Lyon,Ligue 1
14/09/2024,Liverpool,Nottingham Forest,Premier League
14/09/2024,Mallorca,Villarreal,La Liga
14/09/2024,Manchester City,Brentford,Premier League
14/09/2024,Marseille,Nice,Ligue 1
14/09/2024,Paris Saint-Germain,Brest,Ligue 1
14/09/2024,RB Leipzig,Union Berlin,Bundesliga
14/09/2024,Real Sociedad,Real Madrid,La Liga
14/09/2024,Saint-Etienne,Lille,Ligue 1
14/09/2024,SC Freiburg,VfL Bochum,Bundesliga
14/09/2024,Sevilla,Getafe,La Liga
14/09/2024,Southampton,Manchester United,Premier League
14/09/2024,TSG Hoffenheim,Bayer Leverkusen,Bundesliga
14/09/2024,VfL Wolfsburg,Eintracht Frankfurt,Bundesliga
14/05/2025,Alaves,Valencia,La Liga
14/05/2025,Espanyol,Barcelona,La Liga
14/05/2025,Getafe,Athletic Bilbao,La Liga
14/05/2025,Osasuna,Atletico Madrid,La Liga
14/05/2025,Rayo Vallecano,Real Betis,La Liga
14/05/2025,Real Madrid,Mallorca,La Liga
14/05/2025,Real Sociedad,Celta Vigo,La Liga
14/05/2025,Sevilla,Las Palmas,La Liga
14/05/2025,Valladolid,Girona,La Liga
14/05/2025,Villarreal,Leganes,La Liga
14/01/2025,Arsenal FC,Tottenham Hotspur,Premier League
14/01/2025,Brentford,Manchester City,Premier League
14/01/2025,Everton,Aston Villa,Premier League
14/01/2025,Ipswich Town,Brighton & Hove Albion,Premier League
14/01/2025,Leicester City,Crystal Palace,Premier League
14/01/2025,Nottingham Forest,Liverpool,Premier League
14/01/2025,West Ham United,Fulham,Premier League
13/09/2024,Borussia Dortmund,1. FC Heidenheim,Bundesliga
13/09/2024,Real Betis,Leganes,La Liga
13/04/2025,Alaves,Real Madrid,La Liga
13/04/2025,Atalanta,Bologna,Serie A
13/04/2025,Athletic Bilbao,Rayo Vallecano,La Liga
13/04/2025,Atletico Madrid,Valladolid,La Liga
13/04/2025,Celta Vigo,Espanyol,La Liga
13/04/2025,Como,Torino,Serie A
13/04/2025,Fiorentina,Parma,Serie A
13/04/2025,Getafe,Las Palmas,La Liga
13/04/2025,Hellas Verona,Genoa,Serie A
13/04/2025,Inter Milan,Cagliari,Serie A
13/04/2025,Juventus,Lecce,Serie A
13/04/2025,Lazio,Roma,Serie A
13/04/2025,Leganes,Barcelona,La Liga
13/04/2025,Napoli,Empoli,Serie A
13/04/2025,Osasuna,Girona,La Liga
13/04/2025,Real Betis,Villarreal,La Liga
13/04/2025,Real Sociedad,Mallorca,La Liga
13/04/2025,Udinese,AC Milan,Serie A
13/04/2025,Valencia,Sevilla,La Liga
13/04/2025,Venezia,Monza,Serie A
12/12/2024,Ajax,Lazio,UEFA Europa League
11/12/2024,Astana,Chelsea,UEFA Conference League
11/12/2024,Bodo/Glimt,Besiktas,UEFA Europa League
11/12/2024,Copenhagen,Hearts,UEFA Conference League
11/12/2024,Dinamo Minsk,Larne,UEFA Conference League
11/12/2024,Fiorentina,LASK,UEFA Conference League
11/12/2024,Gent,FK TSC Backa Topola,UEFA Conference League
11/12/2024,HJK Helsinki,Molde,UEFA Conference League
11/12/2024,IF Elfsborg,Qarabag,UEFA Europa League
11/12/2024,Istanbul Basaksehir,1. FC Heidenheim,UEFA Conference League
11/12/2024,Legia Warsaw,Lugano,UEFA Conference League
11/12/2024,Ludogorets Razgrad,AZ Alkmaar,UEFA Europa League
11/12/2024,Lyon,Eintracht Frankfurt,UEFA Europa League
11/12/2024,Maccabi Tel Aviv,RFS,UEFA Europa League
11/12/2024,Malmo FF,Galatasaray,UEFA Europa League
11/12/2024,Mlada Boleslav,Jagiellonia Biaystok,UEFA Conference League
11/12/2024,Noah,APOEL,UEFA Conference League
11/12/2024,Olimpija Ljubljana,Cercle Brugge,UEFA Conference League
11/12/2024,Olympiacos,Twente,UEFA Europa League
11/12/2024,Omonia,Rapid Wien,UEFA Conference League
11/12/2024,Pafos,Celje,UEFA Conference League
11/12/2024,PAOK,Ferencvaros,UEFA Europa League
11/12/2024,Petrocub Hincesti,Real Betis,UEFA Conference League
11/12/2024,Porto,Midtjylland,UEFA Europa League
11/12/2024,Rangers,Tottenham Hotspur,UEFA Europa League
11/12/2024,Real Sociedad,Dynamo Kyiv,UEFA Europa League
11/12/2024,Roma,Braga,UEFA Europa League
11/12/2024,Shamrock Rovers,Borac Banja Luka,UEFA Conference League
11/12/2024,Slavia Prague,Anderlecht,UEFA Europa League
11/12/2024,St. Gallen,Vitoria de Guimaraes,UEFA Conference League
11/12/2024,The New Saints,Panathinaikos,UEFA Conference League
11/12/2024,TSG Hoffenheim,FCSB,UEFA Europa League
11/12/2024,Union Saint-Gilloise,Nice,UEFA Europa League
11/12/2024,Vikingur Reykjavik,Djurgardens IF,UEFA Conference League
11/12/2024,Viktoria Plzen,Manchester United,UEFA Europa League
10/12/2024,AC Milan,Red Star Belgrade,UEFA Champions League
10/12/2024,Arsenal FC,AS Monaco,UEFA Champions League
10/12/2024,Atletico Madrid,Slovan Bratislava,UEFA Champions League
10/12/2024,Benfica,Bologna,UEFA Champions League
10/12/2024,Borussia Dortmund,Barcelona,UEFA Champions League
10/12/2024,Fenerbahce,Athletic Bilbao,UEFA Europa League
10/12/2024,Feyenoord,Sparta Prague,UEFA Champions League
10/12/2024,Juventus,Manchester City,UEFA Champions League
10/12/2024,Lille,Sturm Graz,UEFA Champions League
10/12/2024,VfB Stuttgart,Young Boys,UEFA Champions League
9/12/2024,Atalanta,Real Madrid,UEFA Champions League
9/12/2024,Bayer Leverkusen,Inter Milan,UEFA Champions League
9/12/2024,Brest,PSV Eindhoven,UEFA Champions League
9/12/2024,Club Brugge,Sporting CP,UEFA Champions League
9/12/2024,Dinamo Zagreb,Celtic,UEFA Champions League
9/12/2024,Girona,Liverpool,UEFA Champions League
9/12/2024,RB Leipzig,Aston Villa,UEFA Champions League
9/12/2024,Red Bull Salzburg,Paris Saint-Germain,UEFA Champions League
9/12/2024,Shakhtar Donetsk,Bayern Munich,UEFA Champions League
7/12/2024,Atalanta,AC Milan,Serie A
7/12/2024,Athletic Bilbao,Villarreal,La Liga
7/12/2024,Atletico Madrid,Sevilla,La Liga
7/12/2024,Celta Vigo,Mallorca,La Liga
7/12/2024,Fiorentina,Cagliari,Serie A
7/12/2024,Genoa,Torino,Serie A
7/12/2024,Getafe,Espanyol,La Liga
7/12/2024,Girona,Real Madrid,La Liga
7/12/2024,Hellas Verona,Empoli,Serie A
7/12/2024,Inter Milan,Parma,Serie A
7/12/2024,Juventus,Bologna,Serie A
7/12/2024,Las Palmas,Valladolid,La Liga
7/12/2024,Leganes,Real Sociedad,La Liga
7/12/2024,Monza,Udinese,Serie A
7/12/2024,Napoli,Lazio,Serie A
7/12/2024,Osasuna,Alaves,La Liga
7/12/2024,Real Betis,Barcelona,La Liga
7/12/2024,Roma,Lecce,Serie A
7/12/2024,Valencia,Rayo Vallecano,La Liga
7/12/2024,Venezia,Como,Serie A
6/12/2024,Angers,Lyon,Ligue 1
6/12/2024,AS Monaco,Toulouse,Ligue 1
6/12/2024,Aston Villa,Southampton,Premier League
6/12/2024,Auxerre,Paris Saint-Germain,Ligue 1
6/12/2024,Bayer Leverkusen,FC St. Pauli,Bundesliga
6/12/2024,Bayern Munich,1. FC Heidenheim,Bundesliga
6/12/2024,Borussia Monchengladbach,Borussia Dortmund,Bundesliga
6/12/2024,Brentford,Newcastle United,Premier League
6/12/2024,Crystal Palace,Manchester City,Premier League
6/12/2024,Eintracht Frankfurt,FC Augsburg,Bundesliga
6/12/2024,Everton,Liverpool,Premier League
6/12/2024,Fulham,Arsenal FC,Premier League
6/12/2024,Holstein Kiel,RB Leipzig,Bundesliga
6/12/2024,Ipswich Town,Bournemouth,Premier League
6/12/2024,Leicester City,Brighton & Hove Albion,Premier League
6/12/2024,Lens,Montpellier,Ligue 1
6/12/2024,Lille,Brest,Ligue 1
6/12/2024,Manchester United,Nottingham Forest,Premier League
6/12/2024,Nantes,Rennes,Ligue 1
6/12/2024,Nice,Le Havre,Ligue 1
6/12/2024,Saint-Etienne,Marseille,Ligue 1
6/12/2024,Strasbourg,Reims,Ligue 1
6/12/2024,Tottenham Hotspur,Chelsea,Premier League
6/12/2024,TSG Hoffenheim,SC Freiburg,Bundesliga
6/12/2024,VfB Stuttgart,Union Berlin,Bundesliga
6/12/2024,VfL Bochum,Werder Bremen,Bundesliga
6/12/2024,VfL Wolfsburg,Mainz 05,Bundesliga
6/12/2024,West Ham United,Wolverhampton Wanderers,Premier League
3/12/2024,Manchester City,Nottingham Forest,Premier League
3/12/2024,Newcastle United,Liverpool,Premier League
3/12/2024,Southampton,Chelsea,Premier League
2/12/2024,Arsenal FC,Manchester United,Premier League
2/12/2024,Aston Villa,Brentford,Premier League
2/12/2024,Bournemouth,Tottenham Hotspur,Premier League
2/12/2024,Everton,Wolverhampton Wanderers,Premier League
2/12/2024,Fulham,Brighton & Hove Albion,Premier League
2/12/2024,Ipswich Town,Crystal Palace,Premier League
2/12/2024,Leicester City,West Ham United,Premier League
30/11/2024,AC Milan,Empoli,Serie A
30/11/2024,Alaves,Leganes,La Liga
30/11/2024,Barcelona,Las Palmas,La Liga
30/11/2024,Bologna,Venezia,Serie A
30/11/2024,Cagliari,Hellas Verona,Serie A
30/11/2024,Como,Monza,Serie A
30/11/2024,Espanyol,Celta Vigo,La Liga
30/11/2024,Fiorentina,Inter Milan,Serie A
30/11/2024,Lecce,Juventus,Serie A
30/11/2024,Mallorca,Valencia,La Liga
30/11/2024,Parma,Lazio,Serie A
30/11/2024,Rayo Vallecano,Athletic Bilbao,La Liga
30/11/2024,Real Madrid,Getafe,La Liga
30/11/2024,Real Sociedad,Real Betis,La Liga
30/11/2024,Roma,Atalanta,Serie A
30/11/2024,Sevilla,Osasuna,La Liga
30/11/2024,Torino,Napoli,Serie A
30/11/2024,Udinese,Genoa,Serie A
30/11/2024,Valladolid,Atletico Madrid,La Liga
30/11/2024,Villarreal,Girona,La Liga
9/11/2024,Atalanta,Udinese,Serie A
9/11/2024,Cagliari,AC Milan,Serie A
9/11/2024,Espanyol,Valencia,La Liga
9/11/2024,Fiorentina,Hellas Verona,Serie A
9/11/2024,Genoa,Como,Serie A
9/11/2024,Getafe,Girona,La Liga
9/11/2024,Inter Milan,Napoli,Serie A
9/11/2024,Juventus,Torino,Serie A
9/11/2024,Lecce,Empoli,Serie A
9/11/2024,Leganes,Sevilla,La Liga
9/11/2024,Mallorca,Atletico Madrid,La Liga
9/11/2024,Monza,Lazio,Serie A
9/11/2024,Rayo Vallecano,Las Palmas,La Liga
9/11/2024,Real Betis,Celta Vigo,La Liga
9/11/2024,Real Madrid,Osasuna,La Liga
9/11/2024,Real Sociedad,Barcelona,La Liga
9/11/2024,Roma,Bologna,Serie A
9/11/2024,Valladolid,Athletic Bilbao,La Liga
9/11/2024,Venezia,Parma,Serie A
9/11/2024,Villarreal,Alaves,La Liga
8/11/2024,1. FC Heidenheim,VfL Wolfsburg,Bundesliga
8/11/2024,Angers,Paris Saint-Germain,Ligue 1
8/11/2024,Brentford,Bournemouth,Premier League
8/11/2024,Brighton & Hove Albion,Manchester City,Premier League
8/11/2024,Chelsea,Arsenal FC,Premier League
8/11/2024,Crystal Palace,Fulham,Premier League
8/11/2024,FC Augsburg,TSG Hoffenheim,Bundesliga
8/11/2024,FC St. Pauli,Bayern Munich,Bundesliga
8/11/2024,Le Havre,Reims,Ligue 1
8/11/2024,Lens,Nantes,Ligue 1
8/11/2024,Liverpool,Aston Villa,Premier League
8/11/2024,Lyon,Saint-Etienne,Ligue 1
8/11/2024,Mainz 05,Borussia Dortmund,Bundesliga
8/11/2024,Manchester United,Leicester City,Premier League
8/11/2024,Marseille,Auxerre,Ligue 1
8/11/2024,Montpellier,Brest,Ligue 1
8/11/2024,Nice,Lille,Ligue 1
8/11/2024,Nottingham Forest,Newcastle United,Premier League
8/11/2024,RB Leipzig,Borussia Monchengladbach,Bundesliga
8/11/2024,Rennes,Toulouse,Ligue 1
8/11/2024,Strasbourg,AS Monaco,Ligue 1
8/11/2024,Tottenham Hotspur,Ipswich Town,Premier League
8/11/2024,Union Berlin,SC Freiburg,Bundesliga
8/11/2024,VfB Stuttgart,Eintracht Frankfurt,Bundesliga
8/11/2024,VfL Bochum,Bayer Leverkusen,Bundesliga
8/11/2024,Werder Bremen,Holstein Kiel,Bundesliga
8/11/2024,West Ham United,Everton,Premier League
8/11/2024,Wolverhampton Wanderers,Southampton,Premier League
6/11/2024,Ajax,Maccabi Tel Aviv,UEFA Europa League
6/11/2024,APOEL,Fiorentina,UEFA Conference League
6/11/2024,AZ Alkmaar,Fenerbahce,UEFA Europa League
6/11/2024,Bodo/Glimt,Qarabag,UEFA Europa League
6/11/2024,Chelsea,Noah,UEFA Conference League
6/11/2024,Copenhagen,Istanbul Basaksehir,UEFA Conference League
6/11/2024,Djurgardens IF,Panathinaikos,UEFA Conference League
6/11/2024,Dynamo Kyiv,Ferencvaros,UEFA Europa League
6/11/2024,Eintracht Frankfurt,Slavia Prague,UEFA Europa League
6/11/2024,FCSB,Midtjylland,UEFA Europa League
6/11/2024,FK TSC Backa Topola,Lugano,UEFA Conference League
6/11/2024,Galatasaray,Tottenham Hotspur,UEFA Europa League
6/11/2024,Gent,Omonia,UEFA Conference League
6/11/2024,Hearts,1. FC Heidenheim,UEFA Conference League
6/11/2024,HJK Helsinki,Olimpija Ljubljana,UEFA Conference League
6/11/2024,IF Elfsborg,Braga,UEFA Europa League
6/11/2024,Jagiellonia Biaystok,Molde,UEFA Conference League
6/11/2024,Larne,St. Gallen,UEFA Conference League
6/11/2024,LASK,Cercle Brugge,UEFA Conference League
6/11/2024,Lazio,Porto,UEFA Europa League
6/11/2024,Legia Warsaw,Dinamo Minsk,UEFA Conference League
6/11/2024,Ludogorets Razgrad,Athletic Bilbao,UEFA Europa League
6/11/2024,Manchester United,PAOK,UEFA Europa League
6/11/2024,Nice,Twente,UEFA Europa League
6/11/2024,Olympiacos,Rangers,UEFA Europa League
6/11/2024,Pafos,Astana,UEFA Conference League
6/11/2024,Petrocub Hincesti,Rapid Wien,UEFA Conference League
6/11/2024,Real Betis,Celje,UEFA Conference League
6/11/2024,RFS,Anderlecht,UEFA Europa League
6/11/2024,Shamrock Rovers,The New Saints,UEFA Conference League
6/11/2024,TSG Hoffenheim,Lyon,UEFA Europa League
6/11/2024,Union Saint-Gilloise,Roma,UEFA Europa League
6/11/2024,Vikingur Reykjavik,Borac Banja Luka,UEFA Conference League
6/11/2024,Viktoria Plzen,Real Sociedad,UEFA Europa League
6/11/2024,Vitoria de Guimaraes,Mlada Boleslav,UEFA Conference League
5/11/2024,Bayern Munich,Benfica,UEFA Champions League
5/11/2024,Besiktas,Malmo FF,UEFA Europa League
5/11/2024,Club Brugge,Aston Villa,UEFA Champions League
5/11/2024,Feyenoord,Red Bull Salzburg,UEFA Champions League
5/11/2024,Inter Milan,Arsenal FC,UEFA Champions League
5/11/2024,Paris Saint-Germain,Atletico Madrid,UEFA Champions League
5/11/2024,Red Star Belgrade,Barcelona,UEFA Champions League
5/11/2024,Shakhtar Donetsk,Young Boys,UEFA Champions League
5/11/2024,Sparta Prague,Brest,UEFA Champions League
5/11/2024,VfB Stuttgart,Atalanta,UEFA Champions League
4/11/2024,Bologna,AS Monaco,UEFA Champions League
4/11/2024,Borussia Dortmund,Sturm Graz,UEFA Champions League
4/11/2024,Celtic,RB Leipzig,UEFA Champions League
4/11/2024,Lille,Juventus,UEFA Champions League
4/11/2024,Liverpool,Bayer Leverkusen,UEFA Champions League
4/11/2024,PSV Eindhoven,Girona,UEFA Champions League
4/11/2024,Real Madrid,AC Milan,UEFA Champions League
4/11/2024,Slovan Bratislava,Dinamo Zagreb,UEFA Champions League
4/11/2024,Sporting CP,Manchester City,UEFA Champions League
2/11/2024,Alaves,Mallorca,La Liga
2/11/2024,Athletic Bilbao,Real Betis,La Liga
2/11/2024,Atletico Madrid,Las Palmas,La Liga
2/11/2024,Barcelona,Espanyol,La Liga
2/11/2024,Bologna,Lecce,Serie A
2/11/2024,Celta Vigo,Getafe,La Liga
2/11/2024,Empoli,Como,Serie A
2/11/2024,Girona,Leganes,La Liga
2/11/2024,Hellas Verona,Roma,Serie A
2/11/2024,Inter Milan,Venezia,Serie A
2/11/2024,Lazio,Cagliari,Serie A
2/11/2024,Monza,AC Milan,Serie A
2/11/2024,Napoli,Atalanta,Serie A
2/11/2024,Osasuna,Valladolid,La Liga
2/11/2024,Parma,Genoa,Serie A
2/11/2024,Sevilla,Real Sociedad,La Liga
2/11/2024,Torino,Fiorentina,Serie A
2/11/2024,Udinese,Juventus,Serie A
2/11/2024,Valencia,Real Madrid,La Liga
2/11/2024,Villarreal,Rayo Vallecano,La Liga
1/11/2024,AS Monaco,Angers,Ligue 1
1/11/2024,Auxerre,Rennes,Ligue 1
1/11/2024,Bayer Leverkusen,VfB Stuttgart,Bundesliga
1/11/2024,Bayern Munich,Union Berlin,Bundesliga
1/11/2024,Borussia Dortmund,RB Leipzig,Bundesliga
1/11/2024,Borussia Monchengladbach,Werder Bremen,Bundesliga
1/11/2024,Bournemouth,Manchester City,Premier League
1/11/2024,Brest,Nice,Ligue 1
1/11/2024,Eintracht Frankfurt,VfL Bochum,Bundesliga
1/11/2024,Fulham,Brentford,Premier League
1/11/2024,Holstein Kiel,1. FC Heidenheim,Bundesliga
1/11/2024,Ipswich Town,Leicester City,Premier League
1/11/2024,Le Havre,Montpellier,Ligue 1
1/11/2024,Lille,Lyon,Ligue 1
1/11/2024,Liverpool,Brighton & Hove Albion,Premier League
1/11/2024,Manchester United,Chelsea,Premier League
1/11/2024,Nantes,Marseille,Ligue 1
1/11/2024,Newcastle United,Arsenal FC,Premier League
1/11/2024,Nottingham Forest,West Ham United,Premier League
1/11/2024,Paris Saint-Germain,Lens,Ligue 1
1/11/2024,Saint-Etienne,Strasbourg,Ligue 1
1/11/2024,SC Freiburg,Mainz 05,Bundesliga
1/11/2024,Southampton,Everton,Premier League
1/11/2024,Tottenham Hotspur,Aston Villa,Premier League
1/11/2024,Toulouse,Reims,Ligue 1
1/11/2024,TSG Hoffenheim,FC St. Pauli,Bundesliga
1/11/2024,VfL Wolfsburg,FC Augsburg,Bundesliga
1/11/2024,Wolverhampton Wanderers,Crystal Palace,Premier League
5/10/2024,Alaves,Barcelona,La Liga
5/10/2024,Aston Villa,Manchester United,Premier League
5/10/2024,Atalanta,Genoa,Serie A
5/10/2024,Bologna,Parma,Serie A
5/10/2024,Brighton & Hove Albion,Tottenham Hotspur,Premier League
5/10/2024,Chelsea,Nottingham Forest,Premier League
5/10/2024,Espanyol,Mallorca,La Liga
5/10/2024,Fiorentina,AC Milan,Serie A
5/10/2024,Getafe,Osasuna,La Liga
5/10/2024,Girona,Athletic Bilbao,La Liga
5/10/2024,Hellas Verona,Venezia,Serie A
5/10/2024,Inter Milan,Torino,Serie A
5/10/2024,Juventus,Cagliari,Serie A
5/10/2024,Las Palmas,Celta Vigo,La Liga
5/10/2024,Lazio,Empoli,Serie A
5/10/2024,Leganes,Valencia,La Liga
5/10/2024,Monza,Roma,Serie A
5/10/2024,Napoli,Como,Serie A
5/10/2024,Real Madrid,Villarreal,La Liga
5/10/2024,Real Sociedad,Atletico Madrid,La Liga
5/10/2024,Sevilla,Real Betis,La Liga
5/10/2024,Udinese,Lecce,Serie A
5/10/2024,Valladolid,Rayo Vallecano,La Liga
4/10/2024,1. FC Heidenheim,RB Leipzig,Bundesliga
4/10/2024,Arsenal FC,Southampton,Premier League
4/10/2024,Bayer Leverkusen,Holstein Kiel,Bundesliga
4/10/2024,Brentford,Wolverhampton Wanderers,Premier League
4/10/2024,Brest,Le Havre,Ligue 1
4/10/2024,Crystal Palace,Liverpool,Premier League
4/10/2024,Eintracht Frankfurt,Bayern Munich,Bundesliga
4/10/2024,Everton,Newcastle United,Premier League
4/10/2024,FC Augsburg,Borussia Monchengladbach,Bundesliga
4/10/2024,FC St. Pauli,Mainz 05,Bundesliga
4/10/2024,Leicester City,Bournemouth,Premier League
4/10/2024,Lille,Toulouse,Ligue 1
4/10/2024,Lyon,Nantes,Ligue 1
4/10/2024,Manchester City,Fulham,Premier League
4/10/2024,Marseille,Angers,Ligue 1
4/10/2024,Nice,Paris Saint-Germain,Ligue 1
4/10/2024,Reims,Montpellier,Ligue 1
4/10/2024,Rennes,AS Monaco,Ligue 1
4/10/2024,Saint-Etienne,Auxerre,Ligue 1
4/10/2024,Strasbourg,Lens,Ligue 1
4/10/2024,Union Berlin,Borussia Dortmund,Bundesliga
4/10/2024,VfB Stuttgart,TSG Hoffenheim,Bundesliga
4/10/2024,VfL Bochum,VfL Wolfsburg,Bundesliga
4/10/2024,Werder Bremen,SC Freiburg,Bundesliga
4/10/2024,West Ham United,Ipswich Town,Premier League
2/10/2024,1. FC Heidenheim,Olimpija Ljubljana,UEFA Conference League
2/10/2024,Astana,FK TSC Backa Topola,UEFA Conference League
2/10/2024,Athletic Bilbao,AZ Alkmaar,UEFA Europa League
2/10/2024,Besiktas,Eintracht Frankfurt,UEFA Europa League
2/10/2024,Borac Banja Luka,Panathinaikos,UEFA Conference League
2/10/2024,Cercle Brugge,St. Gallen,UEFA Conference League
2/10/2024,Chelsea,Gent,UEFA Conference League
2/10/2024,Copenhagen,Jagiellonia Biaystok,UEFA Conference League
2/10/2024,Dinamo Minsk,Hearts,UEFA Conference League
2/10/2024,Ferencvaros,Tottenham Hotspur,UEFA Europa League
2/10/2024,Fiorentina,The New Saints,UEFA Conference League
2/10/2024,IF Elfsborg,Roma,UEFA Europa League
2/10/2024,LASK,Djurgardens IF,UEFA Conference League
2/10/2024,Lazio,Nice,UEFA Europa League
2/10/2024,Legia Warsaw,Real Betis,UEFA Conference League
2/10/2024,Lugano,HJK Helsinki,UEFA Conference League
2/10/2024,Maccabi Tel Aviv,Midtjylland,UEFA Europa League
2/10/2024,Molde,Larne,UEFA Conference League
2/10/2024,Noah,Mlada Boleslav,UEFA Conference League
2/10/2024,Olympiacos,Braga,UEFA Europa League
2/10/2024,Omonia,Vikingur Reykjavik,UEFA Conference League
2/10/2024,PAOK,FCSB,UEFA Europa League
2/10/2024,Petrocub Hincesti,Pafos,UEFA Conference League
2/10/2024,Porto,Manchester United,UEFA Europa League
2/10/2024,Qarabag,Malmo FF,UEFA Europa League
2/10/2024,Rangers,Lyon,UEFA Europa League
2/10/2024,Real Sociedad,Anderlecht,UEFA Europa League
2/10/2024,RFS,Galatasaray,UEFA Europa League
2/10/2024,Shamrock Rovers,APOEL,UEFA Conference League
2/10/2024,Slavia Prague,Ajax,UEFA Europa League
2/10/2024,TSG Hoffenheim,Dynamo Kyiv,UEFA Europa League
2/10/2024,Twente,Fenerbahce,UEFA Europa League
2/10/2024,Union Saint-Gilloise,Bodo/Glimt,UEFA Europa League
2/10/2024,Viktoria Plzen,Ludogorets Razgrad,UEFA Europa League
1/10/2024,Aston Villa,Bayern Munich,UEFA Champions League
1/10/2024,Benfica,Atletico Madrid,UEFA Champions League
1/10/2024,Dinamo Zagreb,AS Monaco,UEFA Champions League
1/10/2024,Girona,Feyenoord,UEFA Champions League
1/10/2024,Istanbul Basaksehir,Rapid Wien,UEFA Conference League
1/10/2024,Lille,Real Madrid,UEFA Champions League
1/10/2024,Liverpool,Bologna,UEFA Champions League
1/10/2024,RB Leipzig,Juventus,UEFA Champions League
1/10/2024,Shakhtar Donetsk,Atalanta,UEFA Champions League
1/10/2024,Sturm Graz,Club Brugge,UEFA Champions League
1/10/2024,Vitoria de Guimaraes,Celje,UEFA Conference League
30/09/2024,Arsenal FC,Paris Saint-Germain,UEFA Champions League
30/09/2024,Barcelona,Young Boys,UEFA Champions League
30/09/2024,Bayer Leverkusen,AC Milan,UEFA Champions League
30/09/2024,Borussia Dortmund,Celtic,UEFA Champions League
30/09/2024,Inter Milan,Red Star Belgrade,UEFA Champions League
30/09/2024,PSV Eindhoven,Sporting CP,UEFA Champions League
30/09/2024,Red Bull Salzburg,Brest,UEFA Champions League
30/09/2024,Slovan Bratislava,Manchester City,UEFA Champions League
30/09/2024,VfB Stuttgart,Sparta Prague,UEFA Champions League
31/08/2024,1. FC Heidenheim,FC Augsburg,Bundesliga
31/08/2024,Alaves,Las Palmas,La Liga
31/08/2024,Angers,Nice,Ligue 1
31/08/2024,AS Monaco,Lens,Ligue 1
31/08/2024,Bayern Munich,SC Freiburg,Bundesliga
31/08/2024,Chelsea,Crystal Palace,Premier League
31/08/2024,Fiorentina,Monza,Serie A
31/08/2024,Genoa,Hellas Verona,Serie A
31/08/2024,Getafe,Real Sociedad,La Liga
31/08/2024,Juventus,Roma,Serie A
31/08/2024,Le Havre,Auxerre,Ligue 1
31/08/2024,Lille,Paris Saint-Germain,Ligue 1
31/08/2024,Manchester United,Liverpool,Premier League
31/08/2024,Newcastle United,Tottenham Hotspur,Premier League
31/08/2024,Osasuna,Celta Vigo,La Liga
31/08/2024,Real Madrid,Real Betis,La Liga
31/08/2024,Reims,Rennes,Ligue 1
31/08/2024,Sevilla,Girona,La Liga
31/08/2024,Udinese,Como,Serie A
10/5/2025,AC Milan,Bologna,Serie A
10/5/2025,Atalanta,Roma,Serie A
10/5/2025,Athletic Bilbao,Alaves,La Liga
10/5/2025,Atletico Madrid,Real Sociedad,La Liga
10/5/2025,Barcelona,Real Madrid,La Liga
10/5/2025,Celta Vigo,Sevilla,La Liga
10/5/2025,Como,Cagliari,Serie A
10/5/2025,Empoli,Parma,Serie A
10/5/2025,Girona,Villarreal,La Liga
10/5/2025,Hellas Verona,Lecce,Serie A
10/5/2025,Las Palmas,Rayo Vallecano,La Liga
10/5/2025,Lazio,Juventus,Serie A
10/5/2025,Leganes,Espanyol,La Liga
10/5/2025,Mallorca,Valladolid,La Liga
10/5/2025,Napoli,Genoa,Serie A
10/5/2025,Real Betis,Osasuna,La Liga
10/5/2025,Torino,Inter Milan,Serie A
10/5/2025,Udinese,Monza,Serie A
10/5/2025,Valencia,Getafe,La Liga
10/5/2025,Venezia,Fiorentina,Serie A
9/5/2025,Angers,Strasbourg,Ligue 1
9/5/2025,AS Monaco,Lyon,Ligue 1
9/5/2025,Auxerre,Nantes,Ligue 1
9/5/2025,Bayer Leverkusen,Borussia Dortmund,Bundesliga
9/5/2025,Bayern Munich,Borussia Monchengladbach,Bundesliga
9/5/2025,Bournemouth,Aston Villa,Premier League
9/5/2025,Brest,Lille,Ligue 1
9/5/2025,Eintracht Frankfurt,FC St. Pauli,Bundesliga
9/5/2025,Fulham,Everton,Premier League
9/5/2025,Holstein Kiel,SC Freiburg,Bundesliga
9/5/2025,Ipswich Town,Brentford,Premier League
9/5/2025,Le Havre,Marseille,Ligue 1
9/5/2025,Liverpool,Arsenal FC,Premier League
9/5/2025,Manchester United,West Ham United,Premier League
9/5/2025,Montpellier,Paris Saint-Germain,Ligue 1
9/5/2025,Newcastle United,Chelsea,Premier League
9/5/2025,Nottingham Forest,Leicester City,Premier League
9/5/2025,Reims,Saint-Etienne,Ligue 1
9/5/2025,Rennes,Nice,Ligue 1
9/5/2025,Southampton,Manchester City,Premier League
9/5/2025,Tottenham Hotspur,Crystal Palace,Premier League
9/5/2025,Toulouse,Lens,Ligue 1
9/5/2025,Union Berlin,1. FC Heidenheim,Bundesliga
9/5/2025,VfB Stuttgart,FC Augsburg,Bundesliga
9/5/2025,VfL Bochum,Mainz 05,Bundesliga
9/5/2025,VfL Wolfsburg,TSG Hoffenheim,Bundesliga
9/5/2025,Werder Bremen,RB Leipzig,Bundesliga
9/5/2025,Wolverhampton Wanderers,Brighton & Hove Albion,Premier League
3/5/2025,Alaves,Atletico Madrid,La Liga
3/5/2025,Bologna,Juventus,Serie A
3/5/2025,Cagliari,Udinese,Serie A
3/5/2025,Empoli,Lazio,Serie A
3/5/2025,Espanyol,Real Betis,La Liga
3/5/2025,Genoa,AC Milan,Serie A
3/5/2025,Girona,Mallorca,La Liga
3/5/2025,Inter Milan,Hellas Verona,Serie A
3/5/2025,Las Palmas,Valencia,La Liga
3/5/2025,Lecce,Napoli,Serie A
3/5/2025,Monza,Atalanta,Serie A
3/5/2025,Parma,Como,Serie A
3/5/2025,Rayo Vallecano,Getafe,La Liga
3/5/2025,Real Madrid,Celta Vigo,La Liga
3/5/2025,Real Sociedad,Athletic Bilbao,La Liga
3/5/2025,Roma,Fiorentina,Serie A
3/5/2025,Sevilla,Leganes,La Liga
3/5/2025,Torino,Venezia,Serie A
3/5/2025,Valladolid,Barcelona,La Liga
3/5/2025,Villarreal,Osasuna,La Liga
2/5/2025,1. FC Heidenheim,VfL Bochum,Bundesliga
2/5/2025,Arsenal FC,Bournemouth,Premier League
2/5/2025,Aston Villa,Fulham,Premier League
2/5/2025,Auxerre,Le Havre,Ligue 1
2/5/2025,Borussia Dortmund,VfL Wolfsburg,Bundesliga
2/5/2025,Borussia Monchengladbach,TSG Hoffenheim,Bundesliga
2/5/2025,Brentford,Manchester United,Premier League
2/5/2025,Brest,Montpellier,Ligue 1
2/5/2025,Brighton & Hove Albion,Newcastle United,Premier League
2/5/2025,Chelsea,Liverpool,Premier League
2/5/2025,Crystal Palace,Nottingham Forest,Premier League
2/5/2025,Everton,Ipswich Town,Premier League
2/5/2025,FC Augsburg,Holstein Kiel,Bundesliga
2/5/2025,FC St. Pauli,VfB Stuttgart,Bundesliga
2/5/2025,Leicester City,Southampton,Premier League
2/5/2025,Lille,Marseille,Ligue 1
2/5/2025,Lyon,Lens,Ligue 1
2/5/2025,Mainz 05,Eintracht Frankfurt,Bundesliga
2/5/2025,Manchester City,Wolverhampton Wanderers,Premier League
2/5/2025,Nantes,Angers,Ligue 1
2/5/2025,Nice,Reims,Ligue 1
2/5/2025,RB Leipzig,Bayern Munich,Bundesliga
2/5/2025,Saint-Etienne,AS Monaco,Ligue 1
2/5/2025,SC Freiburg,Bayer Leverkusen,Bundesliga
2/5/2025,Strasbourg,Paris Saint-Germain,Ligue 1
2/5/2025,Toulouse,Rennes,Ligue 1
2/5/2025,Union Berlin,Werder Bremen,Bundesliga
2/5/2025,West Ham United,Tottenham Hotspur,Premier League
11/4/2025,Angers,Montpellier,Ligue 1
11/4/2025,Arsenal FC,Brentford,Premier League
11/4/2025,AS Monaco,Marseille,Ligue 1
11/4/2025,Auxerre,Lyon,Ligue 1
11/4/2025,Bayer Leverkusen,Union Berlin,Bundesliga
11/4/2025,Bayern Munich,Borussia Dortmund,Bundesliga
11/4/2025,Borussia Monchengladbach,SC Freiburg,Bundesliga
11/4/2025,Bournemouth,Fulham,Premier League
11/4/2025,Brighton & Hove Albion,Leicester City,Premier League
11/4/2025,Chelsea,Ipswich Town,Premier League
11/4/2025,Eintracht Frankfurt,1. FC Heidenheim,Bundesliga
11/4/2025,Holstein Kiel,FC St. Pauli,Bundesliga
11/4/2025,Le Havre,Rennes,Ligue 1
11/4/2025,Lens,Reims,Ligue 1
11/4/2025,Liverpool,West Ham United,Premier League
11/4/2025,Manchester City,Crystal Palace,Premier League
11/4/2025,Nantes,Paris Saint-Germain,Ligue 1
11/4/2025,Newcastle United,Manchester United,Premier League
11/4/2025,Nottingham Forest,Everton,Premier League
11/4/2025,Saint-Etienne,Brest,Ligue 1
11/4/2025,Southampton,Aston Villa,Premier League
11/4/2025,Strasbourg,Nice,Ligue 1
11/4/2025,Toulouse,Lille,Ligue 1
11/4/2025,TSG Hoffenheim,Mainz 05,Bundesliga
11/4/2025,VfB Stuttgart,Werder Bremen,Bundesliga
11/4/2025,VfL Bochum,FC Augsburg,Bundesliga
11/4/2025,VfL Wolfsburg,RB Leipzig,Bundesliga
11/4/2025,Wolverhampton Wanderers,Tottenham Hotspur,Premier League
5/4/2025,AC Milan,Fiorentina,Serie A
5/4/2025,Atalanta,Lazio,Serie A
5/4/2025,Barcelona,Real Betis,La Liga
5/4/2025,Bologna,Napoli,Serie A
5/4/2025,Empoli,Cagliari,Serie A
5/4/2025,Genoa,Udinese,Serie A
5/4/2025,Girona,Alaves,La Liga
5/4/2025,Las Palmas,Real Sociedad,La Liga
5/4/2025,Lecce,Venezia,Serie A
5/4/2025,Leganes,Osasuna,La Liga
5/4/2025,Mallorca,Celta Vigo,La Liga
5/4/2025,Monza,Como,Serie A
5/4/2025,Parma,Inter Milan,Serie A
5/4/2025,Rayo Vallecano,Espanyol,La Liga
5/4/2025,Real Madrid,Valencia,La Liga
5/4/2025,Roma,Juventus,Serie A
5/4/2025,Sevilla,Atletico Madrid,La Liga
5/4/2025,Torino,Hellas Verona,Serie A
5/4/2025,Valladolid,Getafe,La Liga
5/4/2025,Villarreal,Athletic Bilbao,La Liga
4/4/2025,1. FC Heidenheim,Bayer Leverkusen,Bundesliga
4/4/2025,Aston Villa,Nottingham Forest,Premier League
4/4/2025,Brentford,Chelsea,Premier League
4/4/2025,Brest,AS Monaco,Ligue 1
4/4/2025,Crystal Palace,Brighton & Hove Albion,Premier League
4/4/2025,Everton,Arsenal FC,Premier League
4/4/2025,FC Augsburg,Bayern Munich,Bundesliga
4/4/2025,FC St. Pauli,Borussia Monchengladbach,Bundesliga
4/4/2025,Fulham,Liverpool,Premier League
4/4/2025,Ipswich Town,Wolverhampton Wanderers,Premier League
4/4/2025,Leicester City,Newcastle United,Premier League
4/4/2025,Lens,Saint-Etienne,Ligue 1
4/4/2025,Lyon,Lille,Ligue 1
4/4/2025,Mainz 05,Holstein Kiel,Bundesliga
4/4/2025,Manchester United,Manchester City,Premier League
4/4/2025,Marseille,Toulouse,Ligue 1
4/4/2025,Montpellier,Le Havre,Ligue 1
4/4/2025,Nice,Nantes,Ligue 1
4/4/2025,Paris Saint-Germain,Angers,Ligue 1
4/4/2025,RB Leipzig,TSG Hoffenheim,Bundesliga
4/4/2025,Reims,Strasbourg,Ligue 1
4/4/2025,Rennes,Auxerre,Ligue 1
4/4/2025,SC Freiburg,Borussia Dortmund,Bundesliga
4/4/2025,Tottenham Hotspur,Southampton,Premier League
4/4/2025,Union Berlin,VfL Wolfsburg,Bundesliga
4/4/2025,VfL Bochum,VfB Stuttgart,Bundesliga
4/4/2025,Werder Bremen,Eintracht Frankfurt,Bundesliga
4/4/2025,West Ham United,Bournemouth,Premier League
1/4/2025,Chelsea,Tottenham Hotspur,Premier League
1/4/2025,Liverpool,Everton,Premier League
1/4/2025,Manchester City,Leicester City,Premier League
1/4/2025,Newcastle United,Brentford,Premier League
1/4/2025,Southampton,Crystal Palace,Premier League
31/03/2025,Arsenal FC,Fulham,Premier League
31/03/2025,Bournemouth,Ipswich Town,Premier League
31/03/2025,Brighton & Hove Albion,Aston Villa,Premier League
31/03/2025,Nottingham Forest,Manchester United,Premier League
31/03/2025,Wolverhampton Wanderers,West Ham United,Premier League
8/3/2025,Alaves,Villarreal,La Liga
8/3/2025,Athletic Bilbao,Mallorca,La Liga
8/3/2025,Barcelona,Osasuna,La Liga
8/3/2025,Cagliari,Genoa,Serie A
8/3/2025,Celta Vigo,Leganes,La Liga
8/3/2025,Como,Venezia,Serie A
8/3/2025,Empoli,Roma,Serie A
8/3/2025,Espanyol,Girona,La Liga
8/3/2025,Getafe,Atletico Madrid,La Liga
8/3/2025,Hellas Verona,Bologna,Serie A
8/3/2025,Inter Milan,Monza,Serie A
8/3/2025,Juventus,Atalanta,Serie A
8/3/2025,Lazio,Udinese,Serie A
8/3/2025,Lecce,AC Milan,Serie A
8/3/2025,Napoli,Fiorentina,Serie A
8/3/2025,Parma,Torino,Serie A
8/3/2025,Real Betis,Las Palmas,La Liga
8/3/2025,Real Madrid,Rayo Vallecano,La Liga
8/3/2025,Real Sociedad,Sevilla,La Liga
8/3/2025,Valencia,Valladolid,La Liga
7/3/2025,Bayer Leverkusen,Werder Bremen,Bundesliga
7/3/2025,Bayern Munich,VfL Bochum,Bundesliga
7/3/2025,Borussia Dortmund,FC Augsburg,Bundesliga
7/3/2025,Borussia Monchengladbach,Mainz 05,Bundesliga
7/3/2025,Brentford,Aston Villa,Premier League
7/3/2025,Brest,Angers,Ligue 1
7/3/2025,Brighton & Hove Albion,Fulham,Premier League
7/3/2025,Chelsea,Leicester City,Premier League
7/3/2025,Crystal Palace,Ipswich Town,Premier League
7/3/2025,Eintracht Frankfurt,Union Berlin,Bundesliga
7/3/2025,Holstein Kiel,VfB Stuttgart,Bundesliga
7/3/2025,Le Havre,Saint-Etienne,Ligue 1
7/3/2025,Lille,Montpellier,Ligue 1
7/3/2025,Liverpool,Southampton,Premier League
7/3/2025,Manchester United,Arsenal FC,Premier League
7/3/2025,Marseille,Lens,Ligue 1
7/3/2025,Nantes,Strasbourg,Ligue 1
7/3/2025,Nice,Lyon,Ligue 1
7/3/2025,Nottingham Forest,Manchester City,Premier League
7/3/2025,Reims,Auxerre,Ligue 1
7/3/2025,Rennes,Paris Saint-Germain,Ligue 1
7/3/2025,SC Freiburg,RB Leipzig,Bundesliga
7/3/2025,Tottenham Hotspur,Bournemouth,Premier League
7/3/2025,Toulouse,AS Monaco,Ligue 1
7/3/2025,TSG Hoffenheim,1. FC Heidenheim,Bundesliga
7/3/2025,VfL Wolfsburg,FC St. Pauli,Bundesliga
7/3/2025,West Ham United,Newcastle United,Premier League
7/3/2025,Wolverhampton Wanderers,Everton,Premier League
1/3/2025,AC Milan,Lazio,Serie A
1/3/2025,Atalanta,Venezia,Serie A
1/3/2025,Atletico Madrid,Athletic Bilbao,La Liga
1/3/2025,Barcelona,Real Sociedad,La Liga
1/3/2025,Bologna,Cagliari,Serie A
1/3/2025,Fiorentina,Lecce,Serie A
1/3/2025,Genoa,Empoli,Serie A
1/3/2025,Girona,Celta Vigo,La Liga
1/3/2025,Juventus,Hellas Verona,Serie A
1/3/2025,Leganes,Getafe,La Liga
1/3/2025,Mallorca,Alaves,La Liga
1/3/2025,Monza,Torino,Serie A
1/3/2025,Napoli,Inter Milan,Serie A
1/3/2025,Osasuna,Valencia,La Liga
1/3/2025,Rayo Vallecano,Sevilla,La Liga
1/3/2025,Real Betis,Real Madrid,La Liga
1/3/2025,Roma,Como,Serie A
1/3/2025,Udinese,Parma,Serie A
1/3/2025,Valladolid,Las Palmas,La Liga
1/3/2025,Villarreal,Espanyol,La Liga
28/02/2025,1. FC Heidenheim,Borussia Monchengladbach,Bundesliga
28/02/2025,Angers,Toulouse,Ligue 1
28/02/2025,AS Monaco,Reims,Ligue 1
28/02/2025,Auxerre,Strasbourg,Ligue 1
28/02/2025,Eintracht Frankfurt,Bayer Leverkusen,Bundesliga
28/02/2025,FC Augsburg,SC Freiburg,Bundesliga
28/02/2025,FC St. Pauli,Borussia Dortmund,Bundesliga
28/02/2025,Lens,Le Havre,Ligue 1
28/02/2025,Lyon,Brest,Ligue 1
28/02/2025,Marseille,Nantes,Ligue 1
28/02/2025,Montpellier,Rennes,Ligue 1
28/02/2025,Paris Saint-Germain,Lille,Ligue 1
28/02/2025,RB Leipzig,Mainz 05,Bundesliga
28/02/2025,Saint-Etienne,Nice,Ligue 1
28/02/2025,Union Berlin,Holstein Kiel,Bundesliga
28/02/2025,VfB Stuttgart,Bayern Munich,Bundesliga
28/02/2025,VfL Bochum,TSG Hoffenheim,Bundesliga
28/02/2025,Werder Bremen,VfL Wolfsburg,Bundesliga
8/2/2025,Alaves,Getafe,La Liga
8/2/2025,Athletic Bilbao,Girona,La Liga
8/2/2025,Cagliari,Parma,Serie A
8/2/2025,Celta Vigo,Real Betis,La Liga
8/2/2025,Como,Juventus,Serie A
8/2/2025,Empoli,AC Milan,Serie A
8/2/2025,Hellas Verona,Atalanta,Serie A
8/2/2025,Inter Milan,Fiorentina,Serie A
8/2/2025,Las Palmas,Villarreal,La Liga
8/2/2025,Lazio,Monza,Serie A
8/2/2025,Lecce,Bologna,Serie A
8/2/2025,Mallorca,Osasuna,La Liga
8/2/2025,Napoli,Udinese,Serie A
8/2/2025,Rayo Vallecano,Valladolid,La Liga
8/2/2025,Real Madrid,Atletico Madrid,La Liga
8/2/2025,Real Sociedad,Espanyol,La Liga
8/2/2025,Sevilla,Barcelona,La Liga
8/2/2025,Torino,Genoa,Serie A
8/2/2025,Valencia,Leganes,La Liga
8/2/2025,Venezia,Roma,Serie A
7/2/2025,Angers,Marseille,Ligue 1
7/2/2025,Auxerre,Toulouse,Ligue 1
7/2/2025,Bayern Munich,Werder Bremen,Bundesliga
7/2/2025,Borussia Dortmund,VfB Stuttgart,Bundesliga
7/2/2025,Borussia Monchengladbach,Eintracht Frankfurt,Bundesliga
7/2/2025,Holstein Kiel,VfL Bochum,Bundesliga
7/2/2025,Lille,Le Havre,Ligue 1
7/2/2025,Lyon,Reims,Ligue 1
7/2/2025,Mainz 05,FC Augsburg,Bundesliga
7/2/2025,Nantes,Brest,Ligue 1
7/2/2025,Nice,Lens,Ligue 1
7/2/2025,Paris Saint-Germain,AS Monaco,Ligue 1
7/2/2025,RB Leipzig,FC St. Pauli,Bundesliga
7/2/2025,Saint-Etienne,Rennes,Ligue 1
7/2/2025,SC Freiburg,1. FC Heidenheim,Bundesliga
7/2/2025,Strasbourg,Montpellier,Ligue 1
7/2/2025,TSG Hoffenheim,Union Berlin,Bundesliga
7/2/2025,VfL Wolfsburg,Bayer Leverkusen,Bundesliga
1/2/2025,AC Milan,Inter Milan,Serie A
1/2/2025,Atalanta,Torino,Serie A
1/2/2025,Atletico Madrid,Mallorca,La Liga
1/2/2025,Barcelona,Alaves,La Liga
1/2/2025,Bologna,Como,Serie A
1/2/2025,Cagliari,Lazio,Serie A
1/2/2025,Espanyol,Real Madrid,La Liga
1/2/2025,Fiorentina,Genoa,Serie A
1/2/2025,Getafe,Sevilla,La Liga
1/2/2025,Girona,Las Palmas,La Liga
1/2/2025,Juventus,Empoli,Serie A
1/2/2025,Leganes,Rayo Vallecano,La Liga
1/2/2025,Monza,Hellas Verona,Serie A
1/2/2025,Osasuna,Real Sociedad,La Liga
1/2/2025,Parma,Lecce,Serie A
1/2/2025,Real Betis,Athletic Bilbao,La Liga
1/2/2025,Roma,Napoli,Serie A
1/2/2025,Udinese,Venezia,Serie A
1/2/2025,Valencia,Celta Vigo,La Liga
1/2/2025,Villarreal,Valladolid,La Liga
31/01/2025,1. FC Heidenheim,Borussia Dortmund,Bundesliga
31/01/2025,Angers,Le Havre,Ligue 1
31/01/2025,Arsenal FC,Manchester City,Premier League
31/01/2025,AS Monaco,Auxerre,Ligue 1
31/01/2025,Bayer Leverkusen,TSG Hoffenheim,Bundesliga
31/01/2025,Bayern Munich,Holstein Kiel,Bundesliga
31/01/2025,Bournemouth,Liverpool,Premier League
31/01/2025,Brentford,Tottenham Hotspur,Premier League
31/01/2025,Brest,Paris Saint-Germain,Ligue 1
31/01/2025,Chelsea,West Ham United,Premier League
31/01/2025,Eintracht Frankfurt,VfL Wolfsburg,Bundesliga
31/01/2025,Everton,Leicester City,Premier League
31/01/2025,FC St. Pauli,FC Augsburg,Bundesliga
31/01/2025,Ipswich Town,Southampton,Premier League
31/01/2025,Lille,Saint-Etienne,Ligue 1
31/01/2025,Manchester United,Crystal Palace,Premier League
31/01/2025,Marseille,Lyon,Ligue 1
31/01/2025,Montpellier,Lens,Ligue 1
31/01/2025,Newcastle United,Fulham,Premier League
31/01/2025,Nottingham Forest,Brighton & Hove Albion,Premier League
31/01/2025,Reims,Nantes,Ligue 1
31/01/2025,Rennes,Strasbourg,Ligue 1
31/01/2025,Toulouse,Nice,Ligue 1
31/01/2025,Union Berlin,RB Leipzig,Bundesliga
31/01/2025,VfB Stuttgart,Borussia Monchengladbach,Bundesliga
31/01/2025,VfL Bochum,SC Freiburg,Bundesliga
31/01/2025,Werder Bremen,Mainz 05,Bundesliga
31/01/2025,Wolverhampton Wanderers,Aston Villa,Premier League
11/1/2025,AC Milan,Cagliari,Serie A
11/1/2025,Alaves,Girona,La Liga
11/1/2025,Athletic Bilbao,Real Madrid,La Liga
11/1/2025,Atletico Madrid,Osasuna,La Liga
11/1/2025,Bologna,Roma,Serie A
11/1/2025,Empoli,Lecce,Serie A
11/1/2025,Espanyol,Leganes,La Liga
11/1/2025,Genoa,Parma,Serie A
11/1/2025,Las Palmas,Getafe,La Liga
11/1/2025,Lazio,Como,Serie A
11/1/2025,Mallorca,Barcelona,La Liga
11/1/2025,Monza,Fiorentina,Serie A
11/1/2025,Napoli,Hellas Verona,Serie A
11/1/2025,Rayo Vallecano,Celta Vigo,La Liga
11/1/2025,Real Sociedad,Villarreal,La Liga
11/1/2025,Sevilla,Valencia,La Liga
11/1/2025,Torino,Juventus,Serie A
11/1/2025,Udinese,Atalanta,Serie A
11/1/2025,Valladolid,Real Betis,La Liga
11/1/2025,Venezia,Inter Milan,Serie A
10/1/2025,1. FC Heidenheim,Union Berlin,Bundesliga
10/1/2025,Auxerre,Lille,Ligue 1
10/1/2025,Borussia Dortmund,Bayer Leverkusen,Bundesliga
10/1/2025,Borussia Monchengladbach,Bayern Munich,Bundesliga
10/1/2025,Brest,Lyon,Ligue 1
10/1/2025,FC Augsburg,VfB Stuttgart,Bundesliga
10/1/2025,FC St. Pauli,Eintracht Frankfurt,Bundesliga
10/1/2025,Le Havre,Lens,Ligue 1
10/1/2025,Mainz 05,VfL Bochum,Bundesliga
10/1/2025,Montpellier,Angers,Ligue 1
10/1/2025,Nantes,AS Monaco,Ligue 1
10/1/2025,Paris Saint-Germain,Saint-Etienne,Ligue 1
10/1/2025,RB Leipzig,Werder Bremen,Bundesliga
10/1/2025,Reims,Nice,Ligue 1
10/1/2025,Rennes,Marseille,Ligue 1
10/1/2025,SC Freiburg,Holstein Kiel,Bundesliga
10/1/2025,Toulouse,Strasbourg,Ligue 1
10/1/2025,TSG Hoffenheim,VfL Wolfsburg,Bundesliga
4/1/2025,Atalanta,Juventus,Serie A
4/1/2025,Como,AC Milan,Serie A
3/1/2025,Fiorentina,Napoli,Serie A
4/1/2025,Hellas Verona,Udinese,Serie A
4/1/2025,Inter Milan,Bologna,Serie A
4/1/2025,Lecce,Genoa,Serie A
4/1/2025,Monza,Cagliari,Serie A
4/1/2025,Roma,Lazio,Serie A
4/1/2025,Torino,Parma,Serie A
4/1/2025,Venezia,Empoli,Serie A
3/1/2025,Angers,Brest,Ligue 1
3/1/2025,AS Monaco,Paris Saint-Germain,Ligue 1
3/1/2025,Aston Villa,Leicester City,Premier League
3/1/2025,Bournemouth,Everton,Premier League
3/1/2025,Brighton & Hove Albion,Arsenal FC,Premier League
3/1/2025,Crystal Palace,Chelsea,Premier League
3/1/2025,Fulham,Ipswich Town,Premier League
3/1/2025,Lens,Toulouse,Ligue 1
3/1/2025,Lille,Nantes,Ligue 1
3/1/2025,Liverpool,Manchester United,Premier League
3/1/2025,Lyon,Montpellier,Ligue 1
3/1/2025,Manchester City,West Ham United,Premier League
3/1/2025,Marseille,Le Havre,Ligue 1
3/1/2025,Nice,Rennes,Ligue 1
3/1/2025,Saint-Etienne,Reims,Ligue 1
3/1/2025,Southampton,Brentford,Premier League
3/1/2025,Strasbourg,Auxerre,Ligue 1
3/1/2025,Tottenham Hotspur,Newcastle United,Premier League
3/1/2025,Wolverhampton Wanderers,Nottingham Forest,Premier League
